Workbook

Sheet README
A1: RACE SHED FANTASY V6 — COMMISSIONER BROADCAST SYSTEM
A3: Purpose | B3: Full-season NASCAR fantasy sheet for Pat, Meg, Darin, and Alz. Players send picks to you; you enter them.
A4: How to use | B4: 1) Enter picks in WeeklyPicks. 2) Enter finishing order in RaceResults. 3) Dashboard, RaceSummary, DriverStats, and TV_Leaderboard update automatically.
A5: Points | B5: This version aligns with the 2026 official NASCAR race-finishing table for finishing position only: winner = 55, 2nd = 35, 3rd = 34, down to 1 point for 36th-40th. Stage points are not included because this workbook tracks final finishing order only.
A6: Protection | B6: All sheets are protected. Password: raceshed. Share a view-only link so nobody but you can edit.
A7: TV Mode | B7: Use Setup!B2 to choose the race shown on TV_Leaderboard.
A8: Seeded Data | B8: COTA picks and results are preloaded based on the data you gave me.
A9: Sources | B9: 2026 schedule source: NASCAR 2026 National Series Schedules PDF. 2026 points update source: NASCAR Chase 2026 announcement.

Sheet Setup
A1: Commissioner Controls
A2: Selected Race # | B2: 5 | D2: Current Player Count | E2: 10
A3: Selected Race | B3: =INDEX(Schedule!$B$2:$B$37,$B$2) -> LAS VEGAS
A4: Password | B4: raceshed | D4: Pat
D5: Meg
A6: Note | B6: Change Setup!B2 to switch the race shown on TV_Leaderboard. | D6: Darin
D7: Alz
D8: Joe
D9: Evelyn
D10: Deric
D11: Josh
D12: Jay
D13: Ryan

Sheet PointsSystem
A1: Finish | B1: 2026 Official Race Finish Points
A2: 1 | B2: 55 | D2: Source
A3: 2 | B3: 35 | D3: 2026 points update: NASCAR announced race winners now collect 55 points; all other positions remain the same.
A4: 3 | B4: 34
A5: 4 | B5: 33 | D5: URL
A6: 5 | B6: 32 | D6: https://www.nascar.com/news-media/2026/01/12/nascar-returns-to-chase-championship-format-for-2026/
A7: 6 | B7: 31
A8: 7 | B8: 30
A9: 8 | B9: 29
A10: 9 | B10: 28
A11: 10 | B11: 27
A12: 11 | B12: 26
A13: 12 | B13: 25
A14: 13 | B14: 24
A15: 14 | B15: 23
A16: 15 | B16: 22
A17: 16 | B17: 21
A18: 17 | B18: 20
... A41: 40 | B41: 1

Sheet Schedule
A1: Race # | B1: Race | C1: Date | D1: TV | E1: Season Segment | F1: Source URL
A2: 1 | B2: DAYTONA 500 | C2: 2026-02-15 | D2: FOX | E2: Regular Season | F2: https://www.nascar.com/wp-content/uploads/sites/7/2026/02/10/2026-National-Series-Schedules-Times.pdf
A3: 2 | B3: ECHOPARK (ATLANTA) | C3: 2026-02-22 | D3: FOX | E3: Regular Season | F3: https://www.nascar.com/wp-content/uploads/sites/7/2026/02/10/2026-National-Series-Schedules-Times.pdf
A4: 3 | B4: COTA (AUSTIN) | C4: 2026-03-01 | D4: FOX | E4: Regular Season | F4: https://www.nascar.com/wp-content/uploads/sites/7/2026/02/10/2026-National-Series-Schedules-Times.pdf
A5: 4 | B5: PHOENIX | C5: 2026-03-08 | D5: FS1 | E5: Regular Season | F5: https://www.nascar.com/wp-content/uploads/sites/7/2026/02/10/2026-National-Series-Schedules-Times.pdf
A6: 5 | B6: LAS VEGAS | C6: 2026-03-15 | D6: FS1 | E6: Regular Season | F6: https://www.nascar.com/wp-content/uploads/sites/7/2026/02/10/2026-National-Series-Schedules-Times.pdf
A7: 6 | B7: DARLINGTON | C7: 2026-03-22 | D7: FS1 | E7: Regular Season | F7: https://www.nascar.com/wp-content/uploads/sites/7/2026/02/10/2026-National-Series-Schedules-Times.pdf
A8: 7 | B8: MARTINSVILLE | C8: 2026-03-29 | D8: FS1 | E8: Regular Season | F8: https://www.nascar.com/wp-content/uploads/sites/7/2026/02/10/2026-National-Series-Schedules-Times.pdf
A9: 8 | B9: BRISTOL | C9: 2026-04-12 | D9: FS1 | E9: Regular Season | F9: https://www.nascar.com/wp-content/uploads/sites/7/2026/02/10/2026-National-Series-Schedules-Times.pdf
A10: 9 | B10: KANSAS | C10: 2026-04-19 | D10: FOX | E10: Regular Season | F10: https://www.nascar.com/wp-content/uploads/sites/7/2026/02/10/2026-National-Series-Schedules-Times.pdf
A11: 10 | B11: TALLADEGA | C11: 2026-04-26 | D11: FOX | E11: Regular Season | F11: https://www.nascar.com/wp-content/uploads/sites/7/2026/02/10/2026-National-Series-Schedules-Times.pdf
A12: 11 | B12: TEXAS | C12: 2026-05-03 | D12: FS1 | E12: Regular Season | F12: https://www.nascar.com/wp-content/uploads/sites/7/2026/02/10/2026-National-Series-Schedules-Times.pdf
A13: 12 | B13: WATKINS GLEN | C13: 2026-05-10 | D13: FS1 | E13: Regular Season | F13: https://www.nascar.com/wp-content/uploads/sites/7/2026/02/10/2026-National-Series-Schedules-Times.pdf
... A37: 36 | B37: HOMESTEAD-MIAMI | C37: 2026-11-08 | D37: NBC | E37: Chase | F37: https://www.nascar.com/wp-content/uploads/sites/7/2026/02/10/2026-National-Series-Schedules-Times.pdf

Sheet WeeklyPicks
A1: Race # | B1: Race | C1: Player | D1: Pick 1 | E1: Pick 2 | F1: Pick 3 | G1: P1 Finish | H1: P2 Finish | I1: P3 Finish | J1: P1 Pts | K1: P2 Pts | L1: P3 Pts | M1: Weekly Total
A2: 1 | B2: DAYTONA 500 | C2: Pat | G2: =IF(D2="","",SUMIFS(RaceResults!$C:$C,RaceResults!$A:$A,$A2,RaceResults!$D:$D,D2)) | H2: =IF(E2="","",SUMIFS(RaceResults!$C:$C,RaceResults!$A:$A,$A2,RaceResults!$D:$D,E2)) | I2: =IF(F2="","",SUMIFS(RaceResults!$C:$C,RaceResults!$A:$A,$A2,RaceResults!$D:$D,F2)) | J2: =IF(D2="","",SUMIFS(RaceResults!$E:$E,RaceResults!$A:$A,$A2,RaceResults!$D:$D,D2)) | K2: =IF(E2="","",SUMIFS(RaceResults!$E:$E,RaceResults!$A:$A,$A2,RaceResults!$D:$D,E2)) | L2: =IF(F2="","",SUMIFS(RaceResults!$E:$E,RaceResults!$A:$A,$A2,RaceResults!$D:$D,F2)) | M2: =SUM(J2:L2) -> 0
A3: 1 | B3: DAYTONA 500 | C3: Meg | G3: =IF(D3="","",SUMIFS(RaceResults!$C:$C,RaceResults!$A:$A,$A3,RaceResults!$D:$D,D3)) | H3: =IF(E3="","",SUMIFS(RaceResults!$C:$C,RaceResults!$A:$A,$A3,RaceResults!$D:$D,E3)) | I3: =IF(F3="","",SUMIFS(RaceResults!$C:$C,RaceResults!$A:$A,$A3,RaceResults!$D:$D,F3)) | J3: =IF(D3="","",SUMIFS(RaceResults!$E:$E,RaceResults!$A:$A,$A3,RaceResults!$D:$D,D3)) | K3: =IF(E3="","",SUMIFS(RaceResults!$E:$E,RaceResults!$A:$A,$A3,RaceResults!$D:$D,E3)) | L3: =IF(F3="","",SUMIFS(RaceResults!$E:$E,RaceResults!$A:$A,$A3,RaceResults!$D:$D,F3)) | M3: =SUM(J3:L3) -> 0
A4: 1 | B4: DAYTONA 500 | C4: Darin | G4: =IF(D4="","",SUMIFS(RaceResults!$C:$C,RaceResults!$A:$A,$A4,RaceResults!$D:$D,D4)) | H4: =IF(E4="","",SUMIFS(RaceResults!$C:$C,RaceResults!$A:$A,$A4,RaceResults!$D:$D,E4)) | I4: =IF(F4="","",SUMIFS(RaceResults!$C:$C,RaceResults!$A:$A,$A4,RaceResults!$D:$D,F4)) | J4: =IF(D4="","",SUMIFS(RaceResults!$E:$E,RaceResults!$A:$A,$A4,RaceResults!$D:$D,D4)) | K4: =IF(E4="","",SUMIFS(RaceResults!$E:$E,RaceResults!$A:$A,$A4,RaceResults!$D:$D,E4)) | L4: =IF(F4="","",SUMIFS(RaceResults!$E:$E,RaceResults!$A:$A,$A4,RaceResults!$D:$D,F4)) | M4: =SUM(J4:L4) -> 0
A5: 1 | B5: DAYTONA 500 | C5: Alz | G5: =IF(D5="","",SUMIFS(RaceResults!$C:$C,RaceResults!$A:$A,$A5,RaceResults!$D:$D,D5)) | H5: =IF(E5="","",SUMIFS(RaceResults!$C:$C,RaceResults!$A:$A,$A5,RaceResults!$D:$D,E5)) | I5: =IF(F5="","",SUMIFS(RaceResults!$C:$C,RaceResults!$A:$A,$A5,RaceResults!$D:$D,F5)) | J5: =IF(D5="","",SUMIFS(RaceResults!$E:$E,RaceResults!$A:$A,$A5,RaceResults!$D:$D,D5)) | K5: =IF(E5="","",SUMIFS(RaceResults!$E:$E,RaceResults!$A:$A,$A5,RaceResults!$D:$D,E5)) | L5: =IF(F5="","",SUMIFS(RaceResults!$E:$E,RaceResults!$A:$A,$A5,RaceResults!$D:$D,F5)) | M5: =SUM(J5:L5) -> 0
A6: 1 | B6: DAYTONA 500 | C6: Joe | G6: =IF(D6="","",SUMIFS(RaceResults!$C:$C,RaceResults!$A:$A,$A6,RaceResults!$D:$D,D6)) | H6: =IF(E6="","",SUMIFS(RaceResults!$C:$C,RaceResults!$A:$A,$A6,RaceResults!$D:$D,E6)) | I6: =IF(F6="","",SUMIFS(RaceResults!$C:$C,RaceResults!$A:$A,$A6,RaceResults!$D:$D,F6)) | J6: =IF(D6="","",SUMIFS(RaceResults!$E:$E,RaceResults!$A:$A,$A6,RaceResults!$D:$D,D6)) | K6: =IF(E6="","",SUMIFS(RaceResults!$E:$E,RaceResults!$A:$A,$A6,RaceResults!$D:$D,E6)) | L6: =IF(F6="","",SUMIFS(RaceResults!$E:$E,RaceResults!$A:$A,$A6,RaceResults!$D:$D,F6)) | M6: =SUM(J6:L6) -> 0
A7: 1 | B7: DAYTONA 500 | C7: Evelyn | G7: =IF(D7="","",SUMIFS(RaceResults!$C:$C,RaceResults!$A:$A,$A7,RaceResults!$D:$D,D7)) | H7: =IF(E7="","",SUMIFS(RaceResults!$C:$C,RaceResults!$A:$A,$A7,RaceResults!$D:$D,E7)) | I7: =IF(F7="","",SUMIFS(RaceResults!$C:$C,RaceResults!$A:$A,$A7,RaceResults!$D:$D,F7)) | J7: =IF(D7="","",SUMIFS(RaceResults!$E:$E,RaceResults!$A:$A,$A7,RaceResults!$D:$D,D7)) | K7: =IF(E7="","",SUMIFS(RaceResults!$E:$E,RaceResults!$A:$A,$A7,RaceResults!$D:$D,E7)) | L7: =IF(F7="","",SUMIFS(RaceResults!$E:$E,RaceResults!$A:$A,$A7,RaceResults!$D:$D,F7)) | M7: =SUM(J7:L7) -> 0
A8: 1 | B8: DAYTONA 500 | C8: Deric | G8: =IF(D8="","",SUMIFS(RaceResults!$C:$C,RaceResults!$A:$A,$A8,RaceResults!$D:$D,D8)) | H8: =IF(E8="","",SUMIFS(RaceResults!$C:$C,RaceResults!$A:$A,$A8,RaceResults!$D:$D,E8)) | I8: =IF(F8="","",SUMIFS(RaceResults!$C:$C,RaceResults!$A:$A,$A8,RaceResults!$D:$D,F8)) | J8: =IF(D8="","",SUMIFS(RaceResults!$E:$E,RaceResults!$A:$A,$A8,RaceResults!$D:$D,D8)) | K8: =IF(E8="","",SUMIFS(RaceResults!$E:$E,RaceResults!$A:$A,$A8,RaceResults!$D:$D,E8)) | L8: =IF(F8="","",SUMIFS(RaceResults!$E:$E,RaceResults!$A:$A,$A8,RaceResults!$D:$D,F8)) | M8: =SUM(J8:L8) -> 0
A9: 1 | B9: DAYTONA 500 | C9: Josh | G9: =IF(D9="","",SUMIFS(RaceResults!$C:$C,RaceResults!$A:$A,$A9,RaceResults!$D:$D,D9)) | H9: =IF(E9="","",SUMIFS(RaceResults!$C:$C,RaceResults!$A:$A,$A9,RaceResults!$D:$D,E9)) | I9: =IF(F9="","",SUMIFS(RaceResults!$C:$C,RaceResults!$A:$A,$A9,RaceResults!$D:$D,F9)) | J9: =IF(D9="","",SUMIFS(RaceResults!$E:$E,RaceResults!$A:$A,$A9,RaceResults!$D:$D,D9)) | K9: =IF(E9="","",SUMIFS(RaceResults!$E:$E,RaceResults!$A:$A,$A9,RaceResults!$D:$D,E9)) | L9: =IF(F9="","",SUMIFS(RaceResults!$E:$E,RaceResults!$A:$A,$A9,RaceResults!$D:$D,F9)) | M9: =SUM(J9:L9) -> 0
A10: 1 | B10: DAYTONA 500 | C10: Jay | G10: =IF(D10="","",SUMIFS(RaceResults!$C:$C,RaceResults!$A:$A,$A10,RaceResults!$D:$D,D10)) | H10: =IF(E10="","",SUMIFS(RaceResults!$C:$C,RaceResults!$A:$A,$A10,RaceResults!$D:$D,E10)) | I10: =IF(F10="","",SUMIFS(RaceResults!$C:$C,RaceResults!$A:$A,$A10,RaceResults!$D:$D,F10)) | J10: =IF(D10="","",SUMIFS(RaceResults!$E:$E,RaceResults!$A:$A,$A10,RaceResults!$D:$D,D10)) | K10: =IF(E10="","",SUMIFS(RaceResults!$E:$E,RaceResults!$A:$A,$A10,RaceResults!$D:$D,E10)) | L10: =IF(F10="","",SUMIFS(RaceResults!$E:$E,RaceResults!$A:$A,$A10,RaceResults!$D:$D,F10)) | M10: =SUM(J10:L10) -> 0
A11: 1 | B11: DAYTONA 500 | C11: Ryan | G11: =IF(D11="","",SUMIFS(RaceResults!$C:$C,RaceResults!$A:$A,$A11,RaceResults!$D:$D,D11)) | H11: =IF(E11="","",SUMIFS(RaceResults!$C:$C,RaceResults!$A:$A,$A11,RaceResults!$D:$D,E11)) | I11: =IF(F11="","",SUMIFS(RaceResults!$C:$C,RaceResults!$A:$A,$A11,RaceResults!$D:$D,F11)) | J11: =IF(D11="","",SUMIFS(RaceResults!$E:$E,RaceResults!$A:$A,$A11,RaceResults!$D:$D,D11)) | K11: =IF(E11="","",SUMIFS(RaceResults!$E:$E,RaceResults!$A:$A,$A11,RaceResults!$D:$D,E11)) | L11: =IF(F11="","",SUMIFS(RaceResults!$E:$E,RaceResults!$A:$A,$A11,RaceResults!$D:$D,F11)) | M11: =SUM(J11:L11) -> 0
A12: 2 | B12: ECHOPARK (ATLANTA) | C12: Pat | G12: =IF(D12="","",SUMIFS(RaceResults!$C:$C,RaceResults!$A:$A,$A12,RaceResults!$D:$D,D12)) | H12: =IF(E12="","",SUMIFS(RaceResults!$C:$C,RaceResults!$A:$A,$A12,RaceResults!$D:$D,E12)) | I12: =IF(F12="","",SUMIFS(RaceResults!$C:$C,RaceResults!$A:$A,$A12,RaceResults!$D:$D,F12)) | J12: =IF(D12="","",SUMIFS(RaceResults!$E:$E,RaceResults!$A:$A,$A12,RaceResults!$D:$D,D12)) | K12: =IF(E12="","",SUMIFS(RaceResults!$E:$E,RaceResults!$A:$A,$A12,RaceResults!$D:$D,E12)) | L12: =IF(F12="","",SUMIFS(RaceResults!$E:$E,RaceResults!$A:$A,$A12,RaceResults!$D:$D,F12)) | M12: =SUM(J12:L12) -> 0
A13: 2 | B13: ECHOPARK (ATLANTA) | C13: Meg | G13: =IF(D13="","",SUMIFS(RaceResults!$C:$C,RaceResults!$A:$A,$A13,RaceResults!$D:$D,D13)) | H13: =IF(E13="","",SUMIFS(RaceResults!$C:$C,RaceResults!$A:$A,$A13,RaceResults!$D:$D,E13)) | I13: =IF(F13="","",SUMIFS(RaceResults!$C:$C,RaceResults!$A:$A,$A13,RaceResults!$D:$D,F13)) | J13: =IF(D13="","",SUMIFS(RaceResults!$E:$E,RaceResults!$A:$A,$A13,RaceResults!$D:$D,D13)) | K13: =IF(E13="","",SUMIFS(RaceResults!$E:$E,RaceResults!$A:$A,$A13,RaceResults!$D:$D,E13)) | L13: =IF(F13="","",SUMIFS(RaceResults!$E:$E,RaceResults!$A:$A,$A13,RaceResults!$D:$D,F13)) | M13: =SUM(J13:L13) -> 0
... A21: 2 | B21: ECHOPARK (ATLANTA) | C21: Ryan | G21: =IF(D21="","",SUMIFS(RaceResults!$C:$C,RaceResults!$A:$A,$A21,RaceResults!$D:$D,D21)) | H21: =IF(E21="","",SUMIFS(RaceResults!$C:$C,RaceResults!$A:$A,$A21,RaceResults!$D:$D,E21)) | I21: =IF(F21="","",SUMIFS(RaceResults!$C:$C,RaceResults!$A:$A,$A21,RaceResults!$D:$D,F21)) | J21: =IF(D21="","",SUMIFS(RaceResults!$E:$E,RaceResults!$A:$A,$A21,RaceResults!$D:$D,D21)) | K21: =IF(E21="","",SUMIFS(RaceResults!$E:$E,RaceResults!$A:$A,$A21,RaceResults!$D:$D,E21)) | L21: =IF(F21="","",SUMIFS(RaceResults!$E:$E,RaceResults!$A:$A,$A21,RaceResults!$D:$D,F21)) | M21: =SUM(J21:L21) -> 0
A22: 3 | B22: COTA (AUSTIN) | C22: Pat | D22: 97 | E22: 20 | F22: 9 | G22: =IF(D22="","",SUMIFS(RaceResults!$C:$C,RaceResults!$A:$A,$A22,RaceResults!$D:$D,D22)) -> 2 | H22: =IF(E22="","",SUMIFS(RaceResults!$C:$C,RaceResults!$A:$A,$A22,RaceResults!$D:$D,E22)) -> 3 | I22: =IF(F22="","",SUMIFS(RaceResults!$C:$C,RaceResults!$A:$A,$A22,RaceResults!$D:$D,F22)) -> 7 | J22: =IF(D22="","",SUMIFS(RaceResults!$E:$E,RaceResults!$A:$A,$A22,RaceResults!$D:$D,D22)) -> 35 | K22: =IF(E22="","",SUMIFS(RaceResults!$E:$E,RaceResults!$A:$A,$A22,RaceResults!$D:$D,E22)) -> 34 | L22: =IF(F22="","",SUMIFS(RaceResults!$E:$E,RaceResults!$A:$A,$A22,RaceResults!$D:$D,F22)) -> 30 | M22: =SUM(J22:L22) -> 99
A23: 3 | B23: COTA (AUSTIN) | C23: Meg | D23: 45 | E23: 12 | F23: 11 | G23: =IF(D23="","",SUMIFS(RaceResults!$C:$C,RaceResults!$A:$A,$A23,RaceResults!$D:$D,D23)) -> 1 | H23: =IF(E23="","",SUMIFS(RaceResults!$C:$C,RaceResults!$A:$A,$A23,RaceResults!$D:$D,E23)) -> 8 | I23: =IF(F23="","",SUMIFS(RaceResults!$C:$C,RaceResults!$A:$A,$A23,RaceResults!$D:$D,F23)) -> 10 | J23: =IF(D23="","",SUMIFS(RaceResults!$E:$E,RaceResults!$A:$A,$A23,RaceResults!$D:$D,D23)) -> 55 | K23: =IF(E23="","",SUMIFS(RaceResults!$E:$E,RaceResults!$A:$A,$A23,RaceResults!$D:$D,E23)) -> 29 | L23: =IF(F23="","",SUMIFS(RaceResults!$E:$E,RaceResults!$A:$A,$A23,RaceResults!$D:$D,F23)) -> 27 | M23: =SUM(J23:L23) -> 111
A24: 3 | B24: COTA (AUSTIN) | C24: Darin | D24: 19 | E24: 20 | F24: 24 | G24: =IF(D24="","",SUMIFS(RaceResults!$C:$C,RaceResults!$A:$A,$A24,RaceResults!$D:$D,D24)) -> 37 | H24: =IF(E24="","",SUMIFS(RaceResults!$C:$C,RaceResults!$A:$A,$A24,RaceResults!$D:$D,E24)) -> 3 | I24: =IF(F24="","",SUMIFS(RaceResults!$C:$C,RaceResults!$A:$A,$A24,RaceResults!$D:$D,F24)) -> 13 | J24: =IF(D24="","",SUMIFS(RaceResults!$E:$E,RaceResults!$A:$A,$A24,RaceResults!$D:$D,D24)) -> 1 | K24: =IF(E24="","",SUMIFS(RaceResults!$E:$E,RaceResults!$A:$A,$A24,RaceResults!$D:$D,E24)) -> 34 | L24: =IF(F24="","",SUMIFS(RaceResults!$E:$E,RaceResults!$A:$A,$A24,RaceResults!$D:$D,F24)) -> 24 | M24: =SUM(J24:L24) -> 59
A25: 3 | B25: COTA (AUSTIN) | C25: Alz | D25: 97 | E25: 19 | F25: 11 | G25: =IF(D25="","",SUMIFS(RaceResults!$C:$C,RaceResults!$A:$A,$A25,RaceResults!$D:$D,D25)) -> 2 | H25: =IF(E25="","",SUMIFS(RaceResults!$C:$C,RaceResults!$A:$A,$A25,RaceResults!$D:$D,E25)) -> 37 | I25: =IF(F25="","",SUMIFS(RaceResults!$C:$C,RaceResults!$A:$A,$A25,RaceResults!$D:$D,F25)) -> 10 | J25: =IF(D25="","",SUMIFS(RaceResults!$E:$E,RaceResults!$A:$A,$A25,RaceResults!$D:$D,D25)) -> 35 | K25: =IF(E25="","",SUMIFS(RaceResults!$E:$E,RaceResults!$A:$A,$A25,RaceResults!$D:$D,E25)) -> 1 | L25: =IF(F25="","",SUMIFS(RaceResults!$E:$E,RaceResults!$A:$A,$A25,RaceResults!$D:$D,F25)) -> 27 | M25: =SUM(J25:L25) -> 63
A26: 3 | B26: COTA (AUSTIN) | C26: Joe | G26: =IF(D26="","",SUMIFS(RaceResults!$C:$C,RaceResults!$A:$A,$A26,RaceResults!$D:$D,D26)) | H26: =IF(E26="","",SUMIFS(RaceResults!$C:$C,RaceResults!$A:$A,$A26,RaceResults!$D:$D,E26)) | I26: =IF(F26="","",SUMIFS(RaceResults!$C:$C,RaceResults!$A:$A,$A26,RaceResults!$D:$D,F26)) | J26: =IF(D26="","",SUMIFS(RaceResults!$E:$E,RaceResults!$A:$A,$A26,RaceResults!$D:$D,D26)) | K26: =IF(E26="","",SUMIFS(RaceResults!$E:$E,RaceResults!$A:$A,$A26,RaceResults!$D:$D,E26)) | L26: =IF(F26="","",SUMIFS(RaceResults!$E:$E,RaceResults!$A:$A,$A26,RaceResults!$D:$D,F26)) | M26: =SUM(J26:L26) -> 0
A27: 3 | B27: COTA (AUSTIN) | C27: Evelyn | G27: =IF(D27="","",SUMIFS(RaceResults!$C:$C,RaceResults!$A:$A,$A27,RaceResults!$D:$D,D27)) | H27: =IF(E27="","",SUMIFS(RaceResults!$C:$C,RaceResults!$A:$A,$A27,RaceResults!$D:$D,E27)) | I27: =IF(F27="","",SUMIFS(RaceResults!$C:$C,RaceResults!$A:$A,$A27,RaceResults!$D:$D,F27)) | J27: =IF(D27="","",SUMIFS(RaceResults!$E:$E,RaceResults!$A:$A,$A27,RaceResults!$D:$D,D27)) | K27: =IF(E27="","",SUMIFS(RaceResults!$E:$E,RaceResults!$A:$A,$A27,RaceResults!$D:$D,E27)) | L27: =IF(F27="","",SUMIFS(RaceResults!$E:$E,RaceResults!$A:$A,$A27,RaceResults!$D:$D,F27)) | M27: =SUM(J27:L27) -> 0
A28: 3 | B28: COTA (AUSTIN) | C28: Deric | G28: =IF(D28="","",SUMIFS(RaceResults!$C:$C,RaceResults!$A:$A,$A28,RaceResults!$D:$D,D28)) | H28: =IF(E28="","",SUMIFS(RaceResults!$C:$C,RaceResults!$A:$A,$A28,RaceResults!$D:$D,E28)) | I28: =IF(F28="","",SUMIFS(RaceResults!$C:$C,RaceResults!$A:$A,$A28,RaceResults!$D:$D,F28)) | J28: =IF(D28="","",SUMIFS(RaceResults!$E:$E,RaceResults!$A:$A,$A28,RaceResults!$D:$D,D28)) | K28: =IF(E28="","",SUMIFS(RaceResults!$E:$E,RaceResults!$A:$A,$A28,RaceResults!$D:$D,E28)) | L28: =IF(F28="","",SUMIFS(RaceResults!$E:$E,RaceResults!$A:$A,$A28,RaceResults!$D:$D,F28)) | M28: =SUM(J28:L28) -> 0
A29: 3 | B29: COTA (AUSTIN) | C29: Josh | G29: =IF(D29="","",SUMIFS(RaceResults!$C:$C,RaceResults!$A:$A,$A29,RaceResults!$D:$D,D29)) | H29: =IF(E29="","",SUMIFS(RaceResults!$C:$C,RaceResults!$A:$A,$A29,RaceResults!$D:$D,E29)) | I29: =IF(F29="","",SUMIFS(RaceResults!$C:$C,RaceResults!$A:$A,$A29,RaceResults!$D:$D,F29)) | J29: =IF(D29="","",SUMIFS(RaceResults!$E:$E,RaceResults!$A:$A,$A29,RaceResults!$D:$D,D29)) | K29: =IF(E29="","",SUMIFS(RaceResults!$E:$E,RaceResults!$A:$A,$A29,RaceResults!$D:$D,E29)) | L29: =IF(F29="","",SUMIFS(RaceResults!$E:$E,RaceResults!$A:$A,$A29,RaceResults!$D:$D,F29)) | M29: =SUM(J29:L29) -> 0
A30: 3 | B30: COTA (AUSTIN) | C30: Jay | G30: =IF(D30="","",SUMIFS(RaceResults!$C:$C,RaceResults!$A:$A,$A30,RaceResults!$D:$D,D30)) | H30: =IF(E30="","",SUMIFS(RaceResults!$C:$C,RaceResults!$A:$A,$A30,RaceResults!$D:$D,E30)) | I30: =IF(F30="","",SUMIFS(RaceResults!$C:$C,RaceResults!$A:$A,$A30,RaceResults!$D:$D,F30)) | J30: =IF(D30="","",SUMIFS(RaceResults!$E:$E,RaceResults!$A:$A,$A30,RaceResults!$D:$D,D30)) | K30: =IF(E30="","",SUMIFS(RaceResults!$E:$E,RaceResults!$A:$A,$A30,RaceResults!$D:$D,E30)) | L30: =IF(F30="","",SUMIFS(RaceResults!$E:$E,RaceResults!$A:$A,$A30,RaceResults!$D:$D,F30)) | M30: =SUM(J30:L30) -> 0
A31: 3 | B31: COTA (AUSTIN) | C31: Ryan | G31: =IF(D31="","",SUMIFS(RaceResults!$C:$C,RaceResults!$A:$A,$A31,RaceResults!$D:$D,D31)) | H31: =IF(E31="","",SUMIFS(RaceResults!$C:$C,RaceResults!$A:$A,$A31,RaceResults!$D:$D,E31)) | I31: =IF(F31="","",SUMIFS(RaceResults!$C:$C,RaceResults!$A:$A,$A31,RaceResults!$D:$D,F31)) | J31: =IF(D31="","",SUMIFS(RaceResults!$E:$E,RaceResults!$A:$A,$A31,RaceResults!$D:$D,D31)) | K31: =IF(E31="","",SUMIFS(RaceResults!$E:$E,RaceResults!$A:$A,$A31,RaceResults!$D:$D,E31)) | L31: =IF(F31="","",SUMIFS(RaceResults!$E:$E,RaceResults!$A:$A,$A31,RaceResults!$D:$D,F31)) | M31: =SUM(J31:L31) -> 0
A32: 4 | B32: PHOENIX | C32: Pat | D32: 5 | E32: 11 | F32: 45 | G32: =IF(D32="","",SUMIFS(RaceResults!$C:$C,RaceResults!$A:$A,$A32,RaceResults!$D:$D,D32)) -> 3 | H32: =IF(E32="","",SUMIFS(RaceResults!$C:$C,RaceResults!$A:$A,$A32,RaceResults!$D:$D,E32)) -> 5 | I32: =IF(F32="","",SUMIFS(RaceResults!$C:$C,RaceResults!$A:$A,$A32,RaceResults!$D:$D,F32)) -> 8 | J32: =IF(D32="","",SUMIFS(RaceResults!$E:$E,RaceResults!$A:$A,$A32,RaceResults!$D:$D,D32)) -> 34 | K32: =IF(E32="","",SUMIFS(RaceResults!$E:$E,RaceResults!$A:$A,$A32,RaceResults!$D:$D,E32)) -> 32 | L32: =IF(F32="","",SUMIFS(RaceResults!$E:$E,RaceResults!$A:$A,$A32,RaceResults!$D:$D,F32)) -> 29 | M32: =SUM(J32:L32) -> 95
A33: 4 | B33: PHOENIX | C33: Meg | D33: 7 | E33: 12 | F33: 1 | G33: =IF(D33="","",SUMIFS(RaceResults!$C:$C,RaceResults!$A:$A,$A33,RaceResults!$D:$D,D33)) -> 30 | H33: =IF(E33="","",SUMIFS(RaceResults!$C:$C,RaceResults!$A:$A,$A33,RaceResults!$D:$D,E33)) -> 1 | I33: =IF(F33="","",SUMIFS(RaceResults!$C:$C,RaceResults!$A:$A,$A33,RaceResults!$D:$D,F33)) -> 28 | J33: =IF(D33="","",SUMIFS(RaceResults!$E:$E,RaceResults!$A:$A,$A33,RaceResults!$D:$D,D33)) -> 7 | K33: =IF(E33="","",SUMIFS(RaceResults!$E:$E,RaceResults!$A:$A,$A33,RaceResults!$D:$D,E33)) -> 55 | L33: =IF(F33="","",SUMIFS(RaceResults!$E:$E,RaceResults!$A:$A,$A33,RaceResults!$D:$D,F33)) -> 9 | M33: =SUM(J33:L33) -> 71
A34: 4 | B34: PHOENIX | C34: Darin | D34: 21 | E34: 22 | F34: 24 | G34: =IF(D34="","",SUMIFS(RaceResults!$C:$C,RaceResults!$A:$A,$A34,RaceResults!$D:$D,D34)) -> 32 | H34: =IF(E34="","",SUMIFS(RaceResults!$C:$C,RaceResults!$A:$A,$A34,RaceResults!$D:$D,E34)) -> 31 | I34: =IF(F34="","",SUMIFS(RaceResults!$C:$C,RaceResults!$A:$A,$A34,RaceResults!$D:$D,F34)) -> 7 | J34: =IF(D34="","",SUMIFS(RaceResults!$E:$E,RaceResults!$A:$A,$A34,RaceResults!$D:$D,D34)) -> 5 | K34: =IF(E34="","",SUMIFS(RaceResults!$E:$E,RaceResults!$A:$A,$A34,RaceResults!$D:$D,E34)) -> 6 | L34: =IF(F34="","",SUMIFS(RaceResults!$E:$E,RaceResults!$A:$A,$A34,RaceResults!$D:$D,F34)) -> 30 | M34: =SUM(J34:L34) -> 41
A35: 4 | B35: PHOENIX | C35: Alz | D35: 5 | E35: 12 | F35: 2 | G35: =IF(D35="","",SUMIFS(RaceResults!$C:$C,RaceResults!$A:$A,$A35,RaceResults!$D:$D,D35)) -> 3 | H35: =IF(E35="","",SUMIFS(RaceResults!$C:$C,RaceResults!$A:$A,$A35,RaceResults!$D:$D,E35)) -> 1 | I35: =IF(F35="","",SUMIFS(RaceResults!$C:$C,RaceResults!$A:$A,$A35,RaceResults!$D:$D,F35)) -> 34 | J35: =IF(D35="","",SUMIFS(RaceResults!$E:$E,RaceResults!$A:$A,$A35,RaceResults!$D:$D,D35)) -> 34 | K35: =IF(E35="","",SUMIFS(RaceResults!$E:$E,RaceResults!$A:$A,$A35,RaceResults!$D:$D,E35)) -> 55 | L35: =IF(F35="","",SUMIFS(RaceResults!$E:$E,RaceResults!$A:$A,$A35,RaceResults!$D:$D,F35)) -> 3 | M35: =SUM(J35:L35) -> 92
A36: 4 | B36: PHOENIX | C36: Joe | D36: 45 | E36: 12 | F36: 19 | G36: =IF(D36="","",SUMIFS(RaceResults!$C:$C,RaceResults!$A:$A,$A36,RaceResults!$D:$D,D36)) -> 8 | H36: =IF(E36="","",SUMIFS(RaceResults!$C:$C,RaceResults!$A:$A,$A36,RaceResults!$D:$D,E36)) -> 1 | I36: =IF(F36="","",SUMIFS(RaceResults!$C:$C,RaceResults!$A:$A,$A36,RaceResults!$D:$D,F36)) -> 37 | J36: =IF(D36="","",SUMIFS(RaceResults!$E:$E,RaceResults!$A:$A,$A36,RaceResults!$D:$D,D36)) -> 29 | K36: =IF(E36="","",SUMIFS(RaceResults!$E:$E,RaceResults!$A:$A,$A36,RaceResults!$D:$D,E36)) -> 55 | L36: =IF(F36="","",SUMIFS(RaceResults!$E:$E,RaceResults!$A:$A,$A36,RaceResults!$D:$D,F36)) -> 1 | M36: =SUM(J36:L36) -> 85
A37: 4 | B37: PHOENIX | C37: Evelyn | G37: =IF(D37="","",SUMIFS(RaceResults!$C:$C,RaceResults!$A:$A,$A37,RaceResults!$D:$D,D37)) | H37: =IF(E37="","",SUMIFS(RaceResults!$C:$C,RaceResults!$A:$A,$A37,RaceResults!$D:$D,E37)) | I37: =IF(F37="","",SUMIFS(RaceResults!$C:$C,RaceResults!$A:$A,$A37,RaceResults!$D:$D,F37)) | J37: =IF(D37="","",SUMIFS(RaceResults!$E:$E,RaceResults!$A:$A,$A37,RaceResults!$D:$D,D37)) | K37: =IF(E37="","",SUMIFS(RaceResults!$E:$E,RaceResults!$A:$A,$A37,RaceResults!$D:$D,E37)) | L37: =IF(F37="","",SUMIFS(RaceResults!$E:$E,RaceResults!$A:$A,$A37,RaceResults!$D:$D,F37)) | M37: =SUM(J37:L37) -> 0
A38: 4 | B38: PHOENIX | C38: Deric | G38: =IF(D38="","",SUMIFS(RaceResults!$C:$C,RaceResults!$A:$A,$A38,RaceResults!$D:$D,D38)) | H38: =IF(E38="","",SUMIFS(RaceResults!$C:$C,RaceResults!$A:$A,$A38,RaceResults!$D:$D,E38)) | I38: =IF(F38="","",SUMIFS(RaceResults!$C:$C,RaceResults!$A:$A,$A38,RaceResults!$D:$D,F38)) | J38: =IF(D38="","",SUMIFS(RaceResults!$E:$E,RaceResults!$A:$A,$A38,RaceResults!$D:$D,D38)) | K38: =IF(E38="","",SUMIFS(RaceResults!$E:$E,RaceResults!$A:$A,$A38,RaceResults!$D:$D,E38)) | L38: =IF(F38="","",SUMIFS(RaceResults!$E:$E,RaceResults!$A:$A,$A38,RaceResults!$D:$D,F38)) | M38: =SUM(J38:L38) -> 0
A39: 4 | B39: PHOENIX | C39: Josh | G39: =IF(D39="","",SUMIFS(RaceResults!$C:$C,RaceResults!$A:$A,$A39,RaceResults!$D:$D,D39)) | H39: =IF(E39="","",SUMIFS(RaceResults!$C:$C,RaceResults!$A:$A,$A39,RaceResults!$D:$D,E39)) | I39: =IF(F39="","",SUMIFS(RaceResults!$C:$C,RaceResults!$A:$A,$A39,RaceResults!$D:$D,F39)) | J39: =IF(D39="","",SUMIFS(RaceResults!$E:$E,RaceResults!$A:$A,$A39,RaceResults!$D:$D,D39)) | K39: =IF(E39="","",SUMIFS(RaceResults!$E:$E,RaceResults!$A:$A,$A39,RaceResults!$D:$D,E39)) | L39: =IF(F39="","",SUMIFS(RaceResults!$E:$E,RaceResults!$A:$A,$A39,RaceResults!$D:$D,F39)) | M39: =SUM(J39:L39) -> 0
A40: 4 | B40: PHOENIX | C40: Jay | G40: =IF(D40="","",SUMIFS(RaceResults!$C:$C,RaceResults!$A:$A,$A40,RaceResults!$D:$D,D40)) | H40: =IF(E40="","",SUMIFS(RaceResults!$C:$C,RaceResults!$A:$A,$A40,RaceResults!$D:$D,E40)) | I40: =IF(F40="","",SUMIFS(RaceResults!$C:$C,RaceResults!$A:$A,$A40,RaceResults!$D:$D,F40)) | J40: =IF(D40="","",SUMIFS(RaceResults!$E:$E,RaceResults!$A:$A,$A40,RaceResults!$D:$D,D40)) | K40: =IF(E40="","",SUMIFS(RaceResults!$E:$E,RaceResults!$A:$A,$A40,RaceResults!$D:$D,E40)) | L40: =IF(F40="","",SUMIFS(RaceResults!$E:$E,RaceResults!$A:$A,$A40,RaceResults!$D:$D,F40)) | M40: =SUM(J40:L40) -> 0
A41: 4 | B41: PHOENIX | C41: Ryan | G41: =IF(D41="","",SUMIFS(RaceResults!$C:$C,RaceResults!$A:$A,$A41,RaceResults!$D:$D,D41)) | H41: =IF(E41="","",SUMIFS(RaceResults!$C:$C,RaceResults!$A:$A,$A41,RaceResults!$D:$D,E41)) | I41: =IF(F41="","",SUMIFS(RaceResults!$C:$C,RaceResults!$A:$A,$A41,RaceResults!$D:$D,F41)) | J41: =IF(D41="","",SUMIFS(RaceResults!$E:$E,RaceResults!$A:$A,$A41,RaceResults!$D:$D,D41)) | K41: =IF(E41="","",SUMIFS(RaceResults!$E:$E,RaceResults!$A:$A,$A41,RaceResults!$D:$D,E41)) | L41: =IF(F41="","",SUMIFS(RaceResults!$E:$E,RaceResults!$A:$A,$A41,RaceResults!$D:$D,F41)) | M41: =SUM(J41:L41) -> 0
A42: 5 | B42: LAS VEGAS | C42: Pat | D42: 5 | E42: 45 | F42: 23 | G42: =IF(D42="","",SUMIFS(RaceResults!$C:$C,RaceResults!$A:$A,$A42,RaceResults!$D:$D,D42)) -> 7 | H42: =IF(E42="","",SUMIFS(RaceResults!$C:$C,RaceResults!$A:$A,$A42,RaceResults!$D:$D,E42)) -> 13 | I42: =IF(F42="","",SUMIFS(RaceResults!$C:$C,RaceResults!$A:$A,$A42,RaceResults!$D:$D,F42)) -> 9 | J42: =IF(D42="","",SUMIFS(RaceResults!$E:$E,RaceResults!$A:$A,$A42,RaceResults!$D:$D,D42)) -> 30 | K42: =IF(E42="","",SUMIFS(RaceResults!$E:$E,RaceResults!$A:$A,$A42,RaceResults!$D:$D,E42)) -> 24 | L42: =IF(F42="","",SUMIFS(RaceResults!$E:$E,RaceResults!$A:$A,$A42,RaceResults!$D:$D,F42)) -> 28 | M42: =SUM(J42:L42) -> 82
A43: 5 | B43: LAS VEGAS | C43: Meg | D43: 11 | E43: 12 | F43: 9 | G43: =IF(D43="","",SUMIFS(RaceResults!$C:$C,RaceResults!$A:$A,$A43,RaceResults!$D:$D,D43)) -> 1 | H43: =IF(E43="","",SUMIFS(RaceResults!$C:$C,RaceResults!$A:$A,$A43,RaceResults!$D:$D,E43)) -> 16 | I43: =IF(F43="","",SUMIFS(RaceResults!$C:$C,RaceResults!$A:$A,$A43,RaceResults!$D:$D,F43)) -> 2 | J43: =IF(D43="","",SUMIFS(RaceResults!$E:$E,RaceResults!$A:$A,$A43,RaceResults!$D:$D,D43)) -> 55 | K43: =IF(E43="","",SUMIFS(RaceResults!$E:$E,RaceResults!$A:$A,$A43,RaceResults!$D:$D,E43)) -> 21 | L43: =IF(F43="","",SUMIFS(RaceResults!$E:$E,RaceResults!$A:$A,$A43,RaceResults!$D:$D,F43)) -> 35 | M43: =SUM(J43:L43) -> 111
A44: 5 | B44: LAS VEGAS | C44: Darin | D44: 20 | E44: 23 | F44: 24 | G44: =IF(D44="","",SUMIFS(RaceResults!$C:$C,RaceResults!$A:$A,$A44,RaceResults!$D:$D,D44)) -> 4 | H44: =IF(E44="","",SUMIFS(RaceResults!$C:$C,RaceResults!$A:$A,$A44,RaceResults!$D:$D,E44)) -> 9 | I44: =IF(F44="","",SUMIFS(RaceResults!$C:$C,RaceResults!$A:$A,$A44,RaceResults!$D:$D,F44)) -> 3 | J44: =IF(D44="","",SUMIFS(RaceResults!$E:$E,RaceResults!$A:$A,$A44,RaceResults!$D:$D,D44)) -> 33 | K44: =IF(E44="","",SUMIFS(RaceResults!$E:$E,RaceResults!$A:$A,$A44,RaceResults!$D:$D,E44)) -> 28 | L44: =IF(F44="","",SUMIFS(RaceResults!$E:$E,RaceResults!$A:$A,$A44,RaceResults!$D:$D,F44)) -> 34 | M44: =SUM(J44:L44) -> 95
A45: 5 | B45: LAS VEGAS | C45: Alz | D45: 11 | E45: 12 | F45: 5 | G45: =IF(D45="","",SUMIFS(RaceResults!$C:$C,RaceResults!$A:$A,$A45,RaceResults!$D:$D,D45)) -> 1 | H45: =IF(E45="","",SUMIFS(RaceResults!$C:$C,RaceResults!$A:$A,$A45,RaceResults!$D:$D,E45)) -> 16 | I45: =IF(F45="","",SUMIFS(RaceResults!$C:$C,RaceResults!$A:$A,$A45,RaceResults!$D:$D,F45)) -> 7 | J45: =IF(D45="","",SUMIFS(RaceResults!$E:$E,RaceResults!$A:$A,$A45,RaceResults!$D:$D,D45)) -> 55 | K45: =IF(E45="","",SUMIFS(RaceResults!$E:$E,RaceResults!$A:$A,$A45,RaceResults!$D:$D,E45)) -> 21 | L45: =IF(F45="","",SUMIFS(RaceResults!$E:$E,RaceResults!$A:$A,$A45,RaceResults!$D:$D,F45)) -> 30 | M45: =SUM(J45:L45) -> 106
A46: 5 | B46: LAS VEGAS | C46: Joe | D46: 5 | E46: 11 | F46: 20 | G46: =IF(D46="","",SUMIFS(RaceResults!$C:$C,RaceResults!$A:$A,$A46,RaceResults!$D:$D,D46)) -> 7 | H46: =IF(E46="","",SUMIFS(RaceResults!$C:$C,RaceResults!$A:$A,$A46,RaceResults!$D:$D,E46)) -> 1 | I46: =IF(F46="","",SUMIFS(RaceResults!$C:$C,RaceResults!$A:$A,$A46,RaceResults!$D:$D,F46)) -> 4 | J46: =IF(D46="","",SUMIFS(RaceResults!$E:$E,RaceResults!$A:$A,$A46,RaceResults!$D:$D,D46)) -> 30 | K46: =IF(E46="","",SUMIFS(RaceResults!$E:$E,RaceResults!$A:$A,$A46,RaceResults!$D:$D,E46)) -> 55 | L46: =IF(F46="","",SUMIFS(RaceResults!$E:$E,RaceResults!$A:$A,$A46,RaceResults!$D:$D,F46)) -> 33 | M46: =SUM(J46:L46) -> 118
A47: 5 | B47: LAS VEGAS | C47: Evelyn | D47: 20 | E47: 45 | F47: 11 | G47: =IF(D47="","",SUMIFS(RaceResults!$C:$C,RaceResults!$A:$A,$A47,RaceResults!$D:$D,D47)) -> 4 | H47: =IF(E47="","",SUMIFS(RaceResults!$C:$C,RaceResults!$A:$A,$A47,RaceResults!$D:$D,E47)) -> 13 | I47: =IF(F47="","",SUMIFS(RaceResults!$C:$C,RaceResults!$A:$A,$A47,RaceResults!$D:$D,F47)) -> 1 | J47: =IF(D47="","",SUMIFS(RaceResults!$E:$E,RaceResults!$A:$A,$A47,RaceResults!$D:$D,D47)) -> 33 | K47: =IF(E47="","",SUMIFS(RaceResults!$E:$E,RaceResults!$A:$A,$A47,RaceResults!$D:$D,E47)) -> 24 | L47: =IF(F47="","",SUMIFS(RaceResults!$E:$E,RaceResults!$A:$A,$A47,RaceResults!$D:$D,F47)) -> 55 | M47: =SUM(J47:L47) -> 112
A48: 5 | B48: LAS VEGAS | C48: Deric | G48: =IF(D48="","",SUMIFS(RaceResults!$C:$C,RaceResults!$A:$A,$A48,RaceResults!$D:$D,D48)) | H48: =IF(E48="","",SUMIFS(RaceResults!$C:$C,RaceResults!$A:$A,$A48,RaceResults!$D:$D,E48)) | I48: =IF(F48="","",SUMIFS(RaceResults!$C:$C,RaceResults!$A:$A,$A48,RaceResults!$D:$D,F48)) | J48: =IF(D48="","",SUMIFS(RaceResults!$E:$E,RaceResults!$A:$A,$A48,RaceResults!$D:$D,D48)) | K48: =IF(E48="","",SUMIFS(RaceResults!$E:$E,RaceResults!$A:$A,$A48,RaceResults!$D:$D,E48)) | L48: =IF(F48="","",SUMIFS(RaceResults!$E:$E,RaceResults!$A:$A,$A48,RaceResults!$D:$D,F48)) | M48: =SUM(J48:L48) -> 0
A49: 5 | B49: LAS VEGAS | C49: Josh | G49: =IF(D49="","",SUMIFS(RaceResults!$C:$C,RaceResults!$A:$A,$A49,RaceResults!$D:$D,D49)) | H49: =IF(E49="","",SUMIFS(RaceResults!$C:$C,RaceResults!$A:$A,$A49,RaceResults!$D:$D,E49)) | I49: =IF(F49="","",SUMIFS(RaceResults!$C:$C,RaceResults!$A:$A,$A49,RaceResults!$D:$D,F49)) | J49: =IF(D49="","",SUMIFS(RaceResults!$E:$E,RaceResults!$A:$A,$A49,RaceResults!$D:$D,D49)) | K49: =IF(E49="","",SUMIFS(RaceResults!$E:$E,RaceResults!$A:$A,$A49,RaceResults!$D:$D,E49)) | L49: =IF(F49="","",SUMIFS(RaceResults!$E:$E,RaceResults!$A:$A,$A49,RaceResults!$D:$D,F49)) | M49: =SUM(J49:L49) -> 0
A50: 5 | B50: LAS VEGAS | C50: Jay | G50: =IF(D50="","",SUMIFS(RaceResults!$C:$C,RaceResults!$A:$A,$A50,RaceResults!$D:$D,D50)) | H50: =IF(E50="","",SUMIFS(RaceResults!$C:$C,RaceResults!$A:$A,$A50,RaceResults!$D:$D,E50)) | I50: =IF(F50="","",SUMIFS(RaceResults!$C:$C,RaceResults!$A:$A,$A50,RaceResults!$D:$D,F50)) | J50: =IF(D50="","",SUMIFS(RaceResults!$E:$E,RaceResults!$A:$A,$A50,RaceResults!$D:$D,D50)) | K50: =IF(E50="","",SUMIFS(RaceResults!$E:$E,RaceResults!$A:$A,$A50,RaceResults!$D:$D,E50)) | L50: =IF(F50="","",SUMIFS(RaceResults!$E:$E,RaceResults!$A:$A,$A50,RaceResults!$D:$D,F50)) | M50: =SUM(J50:L50) -> 0
A51: 5 | B51: LAS VEGAS | C51: Ryan | D51: 45 | E51: 23 | F51: 5 | G51: =IF(D51="","",SUMIFS(RaceResults!$C:$C,RaceResults!$A:$A,$A51,RaceResults!$D:$D,D51)) -> 13 | H51: =IF(E51="","",SUMIFS(RaceResults!$C:$C,RaceResults!$A:$A,$A51,RaceResults!$D:$D,E51)) -> 9 | I51: =IF(F51="","",SUMIFS(RaceResults!$C:$C,RaceResults!$A:$A,$A51,RaceResults!$D:$D,F51)) -> 7 | J51: =IF(D51="","",SUMIFS(RaceResults!$E:$E,RaceResults!$A:$A,$A51,RaceResults!$D:$D,D51)) -> 24 | K51: =IF(E51="","",SUMIFS(RaceResults!$E:$E,RaceResults!$A:$A,$A51,RaceResults!$D:$D,E51)) -> 28 | L51: =IF(F51="","",SUMIFS(RaceResults!$E:$E,RaceResults!$A:$A,$A51,RaceResults!$D:$D,F51)) -> 30 | M51: =SUM(J51:L51) -> 82
A52: 6 | B52: DARLINGTON | C52: Pat | D52: 5 | E52: 45 | F52: 12 | G52: =IF(D52="","",SUMIFS(RaceResults!$C:$C,RaceResults!$A:$A,$A52,RaceResults!$D:$D,D52)) -> 32 | H52: =IF(E52="","",SUMIFS(RaceResults!$C:$C,RaceResults!$A:$A,$A52,RaceResults!$D:$D,E52)) -> 1 | I52: =IF(F52="","",SUMIFS(RaceResults!$C:$C,RaceResults!$A:$A,$A52,RaceResults!$D:$D,F52)) -> 3 | J52: =IF(D52="","",SUMIFS(RaceResults!$E:$E,RaceResults!$A:$A,$A52,RaceResults!$D:$D,D52)) -> 5 | K52: =IF(E52="","",SUMIFS(RaceResults!$E:$E,RaceResults!$A:$A,$A52,RaceResults!$D:$D,E52)) -> 55 | L52: =IF(F52="","",SUMIFS(RaceResults!$E:$E,RaceResults!$A:$A,$A52,RaceResults!$D:$D,F52)) -> 34 | M52: =SUM(J52:L52) -> 94
A53: 6 | B53: DARLINGTON | C53: Meg | D53: 22 | E53: 11 | F53: 5 | G53: =IF(D53="","",SUMIFS(RaceResults!$C:$C,RaceResults!$A:$A,$A53,RaceResults!$D:$D,D53)) -> 33 | H53: =IF(E53="","",SUMIFS(RaceResults!$C:$C,RaceResults!$A:$A,$A53,RaceResults!$D:$D,E53)) -> 11 | I53: =IF(F53="","",SUMIFS(RaceResults!$C:$C,RaceResults!$A:$A,$A53,RaceResults!$D:$D,F53)) -> 32 | J53: =IF(D53="","",SUMIFS(RaceResults!$E:$E,RaceResults!$A:$A,$A53,RaceResults!$D:$D,D53)) -> 4 | K53: =IF(E53="","",SUMIFS(RaceResults!$E:$E,RaceResults!$A:$A,$A53,RaceResults!$D:$D,E53)) -> 26 | L53: =IF(F53="","",SUMIFS(RaceResults!$E:$E,RaceResults!$A:$A,$A53,RaceResults!$D:$D,F53)) -> 5 | M53: =SUM(J53:L53) -> 35
A54: 6 | B54: DARLINGTON | C54: Darin | D54: 9 | E54: 11 | F54: 12 | G54: =IF(D54="","",SUMIFS(RaceResults!$C:$C,RaceResults!$A:$A,$A54,RaceResults!$D:$D,D54)) -> 15 | H54: =IF(E54="","",SUMIFS(RaceResults!$C:$C,RaceResults!$A:$A,$A54,RaceResults!$D:$D,E54)) -> 11 | I54: =IF(F54="","",SUMIFS(RaceResults!$C:$C,RaceResults!$A:$A,$A54,RaceResults!$D:$D,F54)) -> 3 | J54: =IF(D54="","",SUMIFS(RaceResults!$E:$E,RaceResults!$A:$A,$A54,RaceResults!$D:$D,D54)) -> 22 | K54: =IF(E54="","",SUMIFS(RaceResults!$E:$E,RaceResults!$A:$A,$A54,RaceResults!$D:$D,E54)) -> 26 | L54: =IF(F54="","",SUMIFS(RaceResults!$E:$E,RaceResults!$A:$A,$A54,RaceResults!$D:$D,F54)) -> 34 | M54: =SUM(J54:L54) -> 82
A55: 6 | B55: DARLINGTON | C55: Alz | D55: 11 | E55: 12 | F55: 45 | G55: =IF(D55="","",SUMIFS(RaceResults!$C:$C,RaceResults!$A:$A,$A55,RaceResults!$D:$D,D55)) -> 11 | H55: =IF(E55="","",SUMIFS(RaceResults!$C:$C,RaceResults!$A:$A,$A55,RaceResults!$D:$D,E55)) -> 3 | I55: =IF(F55="","",SUMIFS(RaceResults!$C:$C,RaceResults!$A:$A,$A55,RaceResults!$D:$D,F55)) -> 1 | J55: =IF(D55="","",SUMIFS(RaceResults!$E:$E,RaceResults!$A:$A,$A55,RaceResults!$D:$D,D55)) -> 26 | K55: =IF(E55="","",SUMIFS(RaceResults!$E:$E,RaceResults!$A:$A,$A55,RaceResults!$D:$D,E55)) -> 34 | L55: =IF(F55="","",SUMIFS(RaceResults!$E:$E,RaceResults!$A:$A,$A55,RaceResults!$D:$D,F55)) -> 55 | M55: =SUM(J55:L55) -> 115
A56: 6 | B56: DARLINGTON | C56: Joe | D56: 5 | E56: 11 | F56: 24 | G56: =IF(D56="","",SUMIFS(RaceResults!$C:$C,RaceResults!$A:$A,$A56,RaceResults!$D:$D,D56)) -> 32 | H56: =IF(E56="","",SUMIFS(RaceResults!$C:$C,RaceResults!$A:$A,$A56,RaceResults!$D:$D,E56)) -> 11 | I56: =IF(F56="","",SUMIFS(RaceResults!$C:$C,RaceResults!$A:$A,$A56,RaceResults!$D:$D,F56)) -> 8 | J56: =IF(D56="","",SUMIFS(RaceResults!$E:$E,RaceResults!$A:$A,$A56,RaceResults!$D:$D,D56)) -> 5 | K56: =IF(E56="","",SUMIFS(RaceResults!$E:$E,RaceResults!$A:$A,$A56,RaceResults!$D:$D,E56)) -> 26 | L56: =IF(F56="","",SUMIFS(RaceResults!$E:$E,RaceResults!$A:$A,$A56,RaceResults!$D:$D,F56)) -> 29 | M56: =SUM(J56:L56) -> 60
A57: 6 | B57: DARLINGTON | C57: Evelyn | D57: 45 | E57: 11 | F57: 17 | G57: =IF(D57="","",SUMIFS(RaceResults!$C:$C,RaceResults!$A:$A,$A57,RaceResults!$D:$D,D57)) -> 1 | H57: =IF(E57="","",SUMIFS(RaceResults!$C:$C,RaceResults!$A:$A,$A57,RaceResults!$D:$D,E57)) -> 11 | I57: =IF(F57="","",SUMIFS(RaceResults!$C:$C,RaceResults!$A:$A,$A57,RaceResults!$D:$D,F57)) -> 9 | J57: =IF(D57="","",SUMIFS(RaceResults!$E:$E,RaceResults!$A:$A,$A57,RaceResults!$D:$D,D57)) -> 55 | K57: =IF(E57="","",SUMIFS(RaceResults!$E:$E,RaceResults!$A:$A,$A57,RaceResults!$D:$D,E57)) -> 26 | L57: =IF(F57="","",SUMIFS(RaceResults!$E:$E,RaceResults!$A:$A,$A57,RaceResults!$D:$D,F57)) -> 28 | M57: =SUM(J57:L57) -> 109
A58: 6 | B58: DARLINGTON | C58: Deric | G58: =IF(D58="","",SUMIFS(RaceResults!$C:$C,RaceResults!$A:$A,$A58,RaceResults!$D:$D,D58)) | H58: =IF(E58="","",SUMIFS(RaceResults!$C:$C,RaceResults!$A:$A,$A58,RaceResults!$D:$D,E58)) | I58: =IF(F58="","",SUMIFS(RaceResults!$C:$C,RaceResults!$A:$A,$A58,RaceResults!$D:$D,F58)) | J58: =IF(D58="","",SUMIFS(RaceResults!$E:$E,RaceResults!$A:$A,$A58,RaceResults!$D:$D,D58)) | K58: =IF(E58="","",SUMIFS(RaceResults!$E:$E,RaceResults!$A:$A,$A58,RaceResults!$D:$D,E58)) | L58: =IF(F58="","",SUMIFS(RaceResults!$E:$E,RaceResults!$A:$A,$A58,RaceResults!$D:$D,F58)) | M58: =SUM(J58:L58) -> 0
A59: 6 | B59: DARLINGTON | C59: Josh | G59: =IF(D59="","",SUMIFS(RaceResults!$C:$C,RaceResults!$A:$A,$A59,RaceResults!$D:$D,D59)) | H59: =IF(E59="","",SUMIFS(RaceResults!$C:$C,RaceResults!$A:$A,$A59,RaceResults!$D:$D,E59)) | I59: =IF(F59="","",SUMIFS(RaceResults!$C:$C,RaceResults!$A:$A,$A59,RaceResults!$D:$D,F59)) | J59: =IF(D59="","",SUMIFS(RaceResults!$E:$E,RaceResults!$A:$A,$A59,RaceResults!$D:$D,D59)) | K59: =IF(E59="","",SUMIFS(RaceResults!$E:$E,RaceResults!$A:$A,$A59,RaceResults!$D:$D,E59)) | L59: =IF(F59="","",SUMIFS(RaceResults!$E:$E,RaceResults!$A:$A,$A59,RaceResults!$D:$D,F59)) | M59: =SUM(J59:L59) -> 0
A60: 6 | B60: DARLINGTON | C60: Jay | D60: 45 | E60: 11 | F60: 5 | G60: =IF(D60="","",SUMIFS(RaceResults!$C:$C,RaceResults!$A:$A,$A60,RaceResults!$D:$D,D60)) -> 1 | H60: =IF(E60="","",SUMIFS(RaceResults!$C:$C,RaceResults!$A:$A,$A60,RaceResults!$D:$D,E60)) -> 11 | I60: =IF(F60="","",SUMIFS(RaceResults!$C:$C,RaceResults!$A:$A,$A60,RaceResults!$D:$D,F60)) -> 32 | J60: =IF(D60="","",SUMIFS(RaceResults!$E:$E,RaceResults!$A:$A,$A60,RaceResults!$D:$D,D60)) -> 55 | K60: =IF(E60="","",SUMIFS(RaceResults!$E:$E,RaceResults!$A:$A,$A60,RaceResults!$D:$D,E60)) -> 26 | L60: =IF(F60="","",SUMIFS(RaceResults!$E:$E,RaceResults!$A:$A,$A60,RaceResults!$D:$D,F60)) -> 5 | M60: =SUM(J60:L60) -> 86
A61: 6 | B61: DARLINGTON | C61: Ryan | D61: 11 | E61: 54 | F61: 45 | G61: =IF(D61="","",SUMIFS(RaceResults!$C:$C,RaceResults!$A:$A,$A61,RaceResults!$D:$D,D61)) -> 11 | H61: =IF(E61="","",SUMIFS(RaceResults!$C:$C,RaceResults!$A:$A,$A61,RaceResults!$D:$D,E61)) -> 6 | I61: =IF(F61="","",SUMIFS(RaceResults!$C:$C,RaceResults!$A:$A,$A61,RaceResults!$D:$D,F61)) -> 1 | J61: =IF(D61="","",SUMIFS(RaceResults!$E:$E,RaceResults!$A:$A,$A61,RaceResults!$D:$D,D61)) -> 26 | K61: =IF(E61="","",SUMIFS(RaceResults!$E:$E,RaceResults!$A:$A,$A61,RaceResults!$D:$D,E61)) -> 31 | L61: =IF(F61="","",SUMIFS(RaceResults!$E:$E,RaceResults!$A:$A,$A61,RaceResults!$D:$D,F61)) -> 55 | M61: =SUM(J61:L61) -> 112
A62: 7 | B62: MARTINSVILLE | C62: Pat | D62: 5 | E62: 11 | F62: 77 | G62: =IF(D62="","",SUMIFS(RaceResults!$C:$C,RaceResults!$A:$A,$A62,RaceResults!$D:$D,D62)) -> 9 | H62: =IF(E62="","",SUMIFS(RaceResults!$C:$C,RaceResults!$A:$A,$A62,RaceResults!$D:$D,E62)) -> 2 | I62: =IF(F62="","",SUMIFS(RaceResults!$C:$C,RaceResults!$A:$A,$A62,RaceResults!$D:$D,F62)) -> 17 | J62: =IF(D62="","",SUMIFS(RaceResults!$E:$E,RaceResults!$A:$A,$A62,RaceResults!$D:$D,D62)) -> 28 | K62: =IF(E62="","",SUMIFS(RaceResults!$E:$E,RaceResults!$A:$A,$A62,RaceResults!$D:$D,E62)) -> 35 | L62: =IF(F62="","",SUMIFS(RaceResults!$E:$E,RaceResults!$A:$A,$A62,RaceResults!$D:$D,F62)) -> 20 | M62: =SUM(J62:L62) -> 83
A63: 7 | B63: MARTINSVILLE | C63: Meg | D63: 11 | E63: 24 | F63: 97 | G63: =IF(D63="","",SUMIFS(RaceResults!$C:$C,RaceResults!$A:$A,$A63,RaceResults!$D:$D,D63)) -> 2 | H63: =IF(E63="","",SUMIFS(RaceResults!$C:$C,RaceResults!$A:$A,$A63,RaceResults!$D:$D,E63)) -> 5 | I63: =IF(F63="","",SUMIFS(RaceResults!$C:$C,RaceResults!$A:$A,$A63,RaceResults!$D:$D,F63)) -> 11 | J63: =IF(D63="","",SUMIFS(RaceResults!$E:$E,RaceResults!$A:$A,$A63,RaceResults!$D:$D,D63)) -> 35 | K63: =IF(E63="","",SUMIFS(RaceResults!$E:$E,RaceResults!$A:$A,$A63,RaceResults!$D:$D,E63)) -> 32 | L63: =IF(F63="","",SUMIFS(RaceResults!$E:$E,RaceResults!$A:$A,$A63,RaceResults!$D:$D,F63)) -> 26 | M63: =SUM(J63:L63) -> 93
A64: 7 | B64: MARTINSVILLE | C64: Darin | D64: 11 | E64: 24 | F64: 9 | G64: =IF(D64="","",SUMIFS(RaceResults!$C:$C,RaceResults!$A:$A,$A64,RaceResults!$D:$D,D64)) -> 2 | H64: =IF(E64="","",SUMIFS(RaceResults!$C:$C,RaceResults!$A:$A,$A64,RaceResults!$D:$D,E64)) -> 5 | I64: =IF(F64="","",SUMIFS(RaceResults!$C:$C,RaceResults!$A:$A,$A64,RaceResults!$D:$D,F64)) -> 1 | J64: =IF(D64="","",SUMIFS(RaceResults!$E:$E,RaceResults!$A:$A,$A64,RaceResults!$D:$D,D64)) -> 35 | K64: =IF(E64="","",SUMIFS(RaceResults!$E:$E,RaceResults!$A:$A,$A64,RaceResults!$D:$D,E64)) -> 32 | L64: =IF(F64="","",SUMIFS(RaceResults!$E:$E,RaceResults!$A:$A,$A64,RaceResults!$D:$D,F64)) -> 55 | M64: =SUM(J64:L64) -> 122
A65: 7 | B65: MARTINSVILLE | C65: Alz | D65: 11 | E65: 12 | F65: 97 | G65: =IF(D65="","",SUMIFS(RaceResults!$C:$C,RaceResults!$A:$A,$A65,RaceResults!$D:$D,D65)) -> 2 | H65: =IF(E65="","",SUMIFS(RaceResults!$C:$C,RaceResults!$A:$A,$A65,RaceResults!$D:$D,E65)) -> 6 | I65: =IF(F65="","",SUMIFS(RaceResults!$C:$C,RaceResults!$A:$A,$A65,RaceResults!$D:$D,F65)) -> 11 | J65: =IF(D65="","",SUMIFS(RaceResults!$E:$E,RaceResults!$A:$A,$A65,RaceResults!$D:$D,D65)) -> 35 | K65: =IF(E65="","",SUMIFS(RaceResults!$E:$E,RaceResults!$A:$A,$A65,RaceResults!$D:$D,E65)) -> 31 | L65: =IF(F65="","",SUMIFS(RaceResults!$E:$E,RaceResults!$A:$A,$A65,RaceResults!$D:$D,F65)) -> 26 | M65: =SUM(J65:L65) -> 92
A66: 7 | B66: MARTINSVILLE | C66: Joe | D66: 11 | E66: 45 | F66: 9 | G66: =IF(D66="","",SUMIFS(RaceResults!$C:$C,RaceResults!$A:$A,$A66,RaceResults!$D:$D,D66)) -> 2 | H66: =IF(E66="","",SUMIFS(RaceResults!$C:$C,RaceResults!$A:$A,$A66,RaceResults!$D:$D,E66)) -> 15 | I66: =IF(F66="","",SUMIFS(RaceResults!$C:$C,RaceResults!$A:$A,$A66,RaceResults!$D:$D,F66)) -> 1 | J66: =IF(D66="","",SUMIFS(RaceResults!$E:$E,RaceResults!$A:$A,$A66,RaceResults!$D:$D,D66)) -> 35 | K66: =IF(E66="","",SUMIFS(RaceResults!$E:$E,RaceResults!$A:$A,$A66,RaceResults!$D:$D,E66)) -> 22 | L66: =IF(F66="","",SUMIFS(RaceResults!$E:$E,RaceResults!$A:$A,$A66,RaceResults!$D:$D,F66)) -> 55 | M66: =SUM(J66:L66) -> 112
A67: 7 | B67: MARTINSVILLE | C67: Evelyn | D67: 11 | E67: 12 | F67: 20 | G67: =IF(D67="","",SUMIFS(RaceResults!$C:$C,RaceResults!$A:$A,$A67,RaceResults!$D:$D,D67)) -> 2 | H67: =IF(E67="","",SUMIFS(RaceResults!$C:$C,RaceResults!$A:$A,$A67,RaceResults!$D:$D,E67)) -> 6 | I67: =IF(F67="","",SUMIFS(RaceResults!$C:$C,RaceResults!$A:$A,$A67,RaceResults!$D:$D,F67)) -> 7 | J67: =IF(D67="","",SUMIFS(RaceResults!$E:$E,RaceResults!$A:$A,$A67,RaceResults!$D:$D,D67)) -> 35 | K67: =IF(E67="","",SUMIFS(RaceResults!$E:$E,RaceResults!$A:$A,$A67,RaceResults!$D:$D,E67)) -> 31 | L67: =IF(F67="","",SUMIFS(RaceResults!$E:$E,RaceResults!$A:$A,$A67,RaceResults!$D:$D,F67)) -> 30 | M67: =SUM(J67:L67) -> 96
A68: 7 | B68: MARTINSVILLE | C68: Deric | D68: 24 | E68: 9 | F68: 5 | G68: =IF(D68="","",SUMIFS(RaceResults!$C:$C,RaceResults!$A:$A,$A68,RaceResults!$D:$D,D68)) -> 5 | H68: =IF(E68="","",SUMIFS(RaceResults!$C:$C,RaceResults!$A:$A,$A68,RaceResults!$D:$D,E68)) -> 1 | I68: =IF(F68="","",SUMIFS(RaceResults!$C:$C,RaceResults!$A:$A,$A68,RaceResults!$D:$D,F68)) -> 9 | J68: =IF(D68="","",SUMIFS(RaceResults!$E:$E,RaceResults!$A:$A,$A68,RaceResults!$D:$D,D68)) -> 32 | K68: =IF(E68="","",SUMIFS(RaceResults!$E:$E,RaceResults!$A:$A,$A68,RaceResults!$D:$D,E68)) -> 55 | L68: =IF(F68="","",SUMIFS(RaceResults!$E:$E,RaceResults!$A:$A,$A68,RaceResults!$D:$D,F68)) -> 28 | M68: =SUM(J68:L68) -> 115
A69: 7 | B69: MARTINSVILLE | C69: Josh | G69: =IF(D69="","",SUMIFS(RaceResults!$C:$C,RaceResults!$A:$A,$A69,RaceResults!$D:$D,D69)) | H69: =IF(E69="","",SUMIFS(RaceResults!$C:$C,RaceResults!$A:$A,$A69,RaceResults!$D:$D,E69)) | I69: =IF(F69="","",SUMIFS(RaceResults!$C:$C,RaceResults!$A:$A,$A69,RaceResults!$D:$D,F69)) | J69: =IF(D69="","",SUMIFS(RaceResults!$E:$E,RaceResults!$A:$A,$A69,RaceResults!$D:$D,D69)) | K69: =IF(E69="","",SUMIFS(RaceResults!$E:$E,RaceResults!$A:$A,$A69,RaceResults!$D:$D,E69)) | L69: =IF(F69="","",SUMIFS(RaceResults!$E:$E,RaceResults!$A:$A,$A69,RaceResults!$D:$D,F69)) | M69: =SUM(J69:L69) -> 0
A70: 7 | B70: MARTINSVILLE | C70: Jay | D70: 24 | E70: 12 | F70: 11 | G70: =IF(D70="","",SUMIFS(RaceResults!$C:$C,RaceResults!$A:$A,$A70,RaceResults!$D:$D,D70)) -> 5 | H70: =IF(E70="","",SUMIFS(RaceResults!$C:$C,RaceResults!$A:$A,$A70,RaceResults!$D:$D,E70)) -> 6 | I70: =IF(F70="","",SUMIFS(RaceResults!$C:$C,RaceResults!$A:$A,$A70,RaceResults!$D:$D,F70)) -> 2 | J70: =IF(D70="","",SUMIFS(RaceResults!$E:$E,RaceResults!$A:$A,$A70,RaceResults!$D:$D,D70)) -> 32 | K70: =IF(E70="","",SUMIFS(RaceResults!$E:$E,RaceResults!$A:$A,$A70,RaceResults!$D:$D,E70)) -> 31 | L70: =IF(F70="","",SUMIFS(RaceResults!$E:$E,RaceResults!$A:$A,$A70,RaceResults!$D:$D,F70)) -> 35 | M70: =SUM(J70:L70) -> 98
A71: 7 | B71: MARTINSVILLE | C71: Ryan | D71: 11 | E71: 23 | F71: 24 | G71: =IF(D71="","",SUMIFS(RaceResults!$C:$C,RaceResults!$A:$A,$A71,RaceResults!$D:$D,D71)) -> 2 | H71: =IF(E71="","",SUMIFS(RaceResults!$C:$C,RaceResults!$A:$A,$A71,RaceResults!$D:$D,E71)) -> 36 | I71: =IF(F71="","",SUMIFS(RaceResults!$C:$C,RaceResults!$A:$A,$A71,RaceResults!$D:$D,F71)) -> 5 | J71: =IF(D71="","",SUMIFS(RaceResults!$E:$E,RaceResults!$A:$A,$A71,RaceResults!$D:$D,D71)) -> 35 | K71: =IF(E71="","",SUMIFS(RaceResults!$E:$E,RaceResults!$A:$A,$A71,RaceResults!$D:$D,E71)) -> 1 | L71: =IF(F71="","",SUMIFS(RaceResults!$E:$E,RaceResults!$A:$A,$A71,RaceResults!$D:$D,F71)) -> 32 | M71: =SUM(J71:L71) -> 68
A72: 8 | B72: BRISTOL | C72: Pat | D72: 5 | E72: 12 | F72: 45 | G72: =IF(D72="","",SUMIFS(RaceResults!$C:$C,RaceResults!$A:$A,$A72,RaceResults!$D:$D,D72)) -> 3 | H72: =IF(E72="","",SUMIFS(RaceResults!$C:$C,RaceResults!$A:$A,$A72,RaceResults!$D:$D,E72)) -> 2 | I72: =IF(F72="","",SUMIFS(RaceResults!$C:$C,RaceResults!$A:$A,$A72,RaceResults!$D:$D,F72)) -> 4 | J72: =IF(D72="","",SUMIFS(RaceResults!$E:$E,RaceResults!$A:$A,$A72,RaceResults!$D:$D,D72)) -> 34 | K72: =IF(E72="","",SUMIFS(RaceResults!$E:$E,RaceResults!$A:$A,$A72,RaceResults!$D:$D,E72)) -> 35 | L72: =IF(F72="","",SUMIFS(RaceResults!$E:$E,RaceResults!$A:$A,$A72,RaceResults!$D:$D,F72)) -> 33 | M72: =SUM(J72:L72) -> 102
A73: 8 | B73: BRISTOL | C73: Meg | D73: 5 | E73: 45 | F73: 11 | G73: =IF(D73="","",SUMIFS(RaceResults!$C:$C,RaceResults!$A:$A,$A73,RaceResults!$D:$D,D73)) -> 3 | H73: =IF(E73="","",SUMIFS(RaceResults!$C:$C,RaceResults!$A:$A,$A73,RaceResults!$D:$D,E73)) -> 4 | I73: =IF(F73="","",SUMIFS(RaceResults!$C:$C,RaceResults!$A:$A,$A73,RaceResults!$D:$D,F73)) -> 9 | J73: =IF(D73="","",SUMIFS(RaceResults!$E:$E,RaceResults!$A:$A,$A73,RaceResults!$D:$D,D73)) -> 34 | K73: =IF(E73="","",SUMIFS(RaceResults!$E:$E,RaceResults!$A:$A,$A73,RaceResults!$D:$D,E73)) -> 33 | L73: =IF(F73="","",SUMIFS(RaceResults!$E:$E,RaceResults!$A:$A,$A73,RaceResults!$D:$D,F73)) -> 28 | M73: =SUM(J73:L73) -> 95
A74: 8 | B74: BRISTOL | C74: Darin | D74: 12 | E74: 54 | F74: 17 | G74: =IF(D74="","",SUMIFS(RaceResults!$C:$C,RaceResults!$A:$A,$A74,RaceResults!$D:$D,D74)) -> 2 | H74: =IF(E74="","",SUMIFS(RaceResults!$C:$C,RaceResults!$A:$A,$A74,RaceResults!$D:$D,E74)) -> 1 | I74: =IF(F74="","",SUMIFS(RaceResults!$C:$C,RaceResults!$A:$A,$A74,RaceResults!$D:$D,F74)) -> 13 | J74: =IF(D74="","",SUMIFS(RaceResults!$E:$E,RaceResults!$A:$A,$A74,RaceResults!$D:$D,D74)) -> 35 | K74: =IF(E74="","",SUMIFS(RaceResults!$E:$E,RaceResults!$A:$A,$A74,RaceResults!$D:$D,E74)) -> 55 | L74: =IF(F74="","",SUMIFS(RaceResults!$E:$E,RaceResults!$A:$A,$A74,RaceResults!$D:$D,F74)) -> 24 | M74: =SUM(J74:L74) -> 114
A75: 8 | B75: BRISTOL | C75: Alz | D75: 12 | E75: 54 | F75: 11 | G75: =IF(D75="","",SUMIFS(RaceResults!$C:$C,RaceResults!$A:$A,$A75,RaceResults!$D:$D,D75)) -> 2 | H75: =IF(E75="","",SUMIFS(RaceResults!$C:$C,RaceResults!$A:$A,$A75,RaceResults!$D:$D,E75)) -> 1 | I75: =IF(F75="","",SUMIFS(RaceResults!$C:$C,RaceResults!$A:$A,$A75,RaceResults!$D:$D,F75)) -> 9 | J75: =IF(D75="","",SUMIFS(RaceResults!$E:$E,RaceResults!$A:$A,$A75,RaceResults!$D:$D,D75)) -> 35 | K75: =IF(E75="","",SUMIFS(RaceResults!$E:$E,RaceResults!$A:$A,$A75,RaceResults!$D:$D,E75)) -> 55 | L75: =IF(F75="","",SUMIFS(RaceResults!$E:$E,RaceResults!$A:$A,$A75,RaceResults!$D:$D,F75)) -> 28 | M75: =SUM(J75:L75) -> 118
A76: 8 | B76: BRISTOL | C76: Joe | D76: 5 | E76: 22 | F76: 20 | G76: =IF(D76="","",SUMIFS(RaceResults!$C:$C,RaceResults!$A:$A,$A76,RaceResults!$D:$D,D76)) -> 3 | H76: =IF(E76="","",SUMIFS(RaceResults!$C:$C,RaceResults!$A:$A,$A76,RaceResults!$D:$D,E76)) -> 7 | I76: =IF(F76="","",SUMIFS(RaceResults!$C:$C,RaceResults!$A:$A,$A76,RaceResults!$D:$D,F76)) -> 27 | J76: =IF(D76="","",SUMIFS(RaceResults!$E:$E,RaceResults!$A:$A,$A76,RaceResults!$D:$D,D76)) -> 34 | K76: =IF(E76="","",SUMIFS(RaceResults!$E:$E,RaceResults!$A:$A,$A76,RaceResults!$D:$D,E76)) -> 30 | L76: =IF(F76="","",SUMIFS(RaceResults!$E:$E,RaceResults!$A:$A,$A76,RaceResults!$D:$D,F76)) -> 10 | M76: =SUM(J76:L76) -> 74
A77: 8 | B77: BRISTOL | C77: Evelyn | D77: 12 | E77: 45 | F77: 20 | G77: =IF(D77="","",SUMIFS(RaceResults!$C:$C,RaceResults!$A:$A,$A77,RaceResults!$D:$D,D77)) -> 2 | H77: =IF(E77="","",SUMIFS(RaceResults!$C:$C,RaceResults!$A:$A,$A77,RaceResults!$D:$D,E77)) -> 4 | I77: =IF(F77="","",SUMIFS(RaceResults!$C:$C,RaceResults!$A:$A,$A77,RaceResults!$D:$D,F77)) -> 27 | J77: =IF(D77="","",SUMIFS(RaceResults!$E:$E,RaceResults!$A:$A,$A77,RaceResults!$D:$D,D77)) -> 35 | K77: =IF(E77="","",SUMIFS(RaceResults!$E:$E,RaceResults!$A:$A,$A77,RaceResults!$D:$D,E77)) -> 33 | L77: =IF(F77="","",SUMIFS(RaceResults!$E:$E,RaceResults!$A:$A,$A77,RaceResults!$D:$D,F77)) -> 10 | M77: =SUM(J77:L77) -> 78
A78: 8 | B78: BRISTOL | C78: Deric | G78: =IF(D78="","",SUMIFS(RaceResults!$C:$C,RaceResults!$A:$A,$A78,RaceResults!$D:$D,D78)) | H78: =IF(E78="","",SUMIFS(RaceResults!$C:$C,RaceResults!$A:$A,$A78,RaceResults!$D:$D,E78)) | I78: =IF(F78="","",SUMIFS(RaceResults!$C:$C,RaceResults!$A:$A,$A78,RaceResults!$D:$D,F78)) | J78: =IF(D78="","",SUMIFS(RaceResults!$E:$E,RaceResults!$A:$A,$A78,RaceResults!$D:$D,D78)) | K78: =IF(E78="","",SUMIFS(RaceResults!$E:$E,RaceResults!$A:$A,$A78,RaceResults!$D:$D,E78)) | L78: =IF(F78="","",SUMIFS(RaceResults!$E:$E,RaceResults!$A:$A,$A78,RaceResults!$D:$D,F78)) | M78: =SUM(J78:L78) -> 0
A79: 8 | B79: BRISTOL | C79: Josh | G79: =IF(D79="","",SUMIFS(RaceResults!$C:$C,RaceResults!$A:$A,$A79,RaceResults!$D:$D,D79)) | H79: =IF(E79="","",SUMIFS(RaceResults!$C:$C,RaceResults!$A:$A,$A79,RaceResults!$D:$D,E79)) | I79: =IF(F79="","",SUMIFS(RaceResults!$C:$C,RaceResults!$A:$A,$A79,RaceResults!$D:$D,F79)) | J79: =IF(D79="","",SUMIFS(RaceResults!$E:$E,RaceResults!$A:$A,$A79,RaceResults!$D:$D,D79)) | K79: =IF(E79="","",SUMIFS(RaceResults!$E:$E,RaceResults!$A:$A,$A79,RaceResults!$D:$D,E79)) | L79: =IF(F79="","",SUMIFS(RaceResults!$E:$E,RaceResults!$A:$A,$A79,RaceResults!$D:$D,F79)) | M79: =SUM(J79:L79) -> 0
A80: 8 | B80: BRISTOL | C80: Jay | D80: 5 | E80: 12 | F80: 11 | G80: =IF(D80="","",SUMIFS(RaceResults!$C:$C,RaceResults!$A:$A,$A80,RaceResults!$D:$D,D80)) -> 3 | H80: =IF(E80="","",SUMIFS(RaceResults!$C:$C,RaceResults!$A:$A,$A80,RaceResults!$D:$D,E80)) -> 2 | I80: =IF(F80="","",SUMIFS(RaceResults!$C:$C,RaceResults!$A:$A,$A80,RaceResults!$D:$D,F80)) -> 9 | J80: =IF(D80="","",SUMIFS(RaceResults!$E:$E,RaceResults!$A:$A,$A80,RaceResults!$D:$D,D80)) -> 34 | K80: =IF(E80="","",SUMIFS(RaceResults!$E:$E,RaceResults!$A:$A,$A80,RaceResults!$D:$D,E80)) -> 35 | L80: =IF(F80="","",SUMIFS(RaceResults!$E:$E,RaceResults!$A:$A,$A80,RaceResults!$D:$D,F80)) -> 28 | M80: =SUM(J80:L80) -> 97
A81: 8 | B81: BRISTOL | C81: Ryan | D81: 12 | E81: 54 | F81: 45 | G81: =IF(D81="","",SUMIFS(RaceResults!$C:$C,RaceResults!$A:$A,$A81,RaceResults!$D:$D,D81)) -> 2 | H81: =IF(E81="","",SUMIFS(RaceResults!$C:$C,RaceResults!$A:$A,$A81,RaceResults!$D:$D,E81)) -> 1 | I81: =IF(F81="","",SUMIFS(RaceResults!$C:$C,RaceResults!$A:$A,$A81,RaceResults!$D:$D,F81)) -> 4 | J81: =IF(D81="","",SUMIFS(RaceResults!$E:$E,RaceResults!$A:$A,$A81,RaceResults!$D:$D,D81)) -> 35 | K81: =IF(E81="","",SUMIFS(RaceResults!$E:$E,RaceResults!$A:$A,$A81,RaceResults!$D:$D,E81)) -> 55 | L81: =IF(F81="","",SUMIFS(RaceResults!$E:$E,RaceResults!$A:$A,$A81,RaceResults!$D:$D,F81)) -> 33 | M81: =SUM(J81:L81) -> 123
A82: 9 | B82: KANSAS | C82: Pat | D82: 5 | E82: 11 | F82: 45 | G82: =IF(D82="","",SUMIFS(RaceResults!$C:$C,RaceResults!$A:$A,$A82,RaceResults!$D:$D,D82)) -> 2 | H82: =IF(E82="","",SUMIFS(RaceResults!$C:$C,RaceResults!$A:$A,$A82,RaceResults!$D:$D,E82)) -> 4 | I82: =IF(F82="","",SUMIFS(RaceResults!$C:$C,RaceResults!$A:$A,$A82,RaceResults!$D:$D,F82)) -> 1 | J82: =IF(D82="","",SUMIFS(RaceResults!$E:$E,RaceResults!$A:$A,$A82,RaceResults!$D:$D,D82)) -> 35 | K82: =IF(E82="","",SUMIFS(RaceResults!$E:$E,RaceResults!$A:$A,$A82,RaceResults!$D:$D,E82)) -> 33 | L82: =IF(F82="","",SUMIFS(RaceResults!$E:$E,RaceResults!$A:$A,$A82,RaceResults!$D:$D,F82)) -> 55 | M82: =SUM(J82:L82) -> 123
A83: 9 | B83: KANSAS | C83: Meg | D83: 45 | E83: 11 | F83: 5 | G83: =IF(D83="","",SUMIFS(RaceResults!$C:$C,RaceResults!$A:$A,$A83,RaceResults!$D:$D,D83)) -> 1 | H83: =IF(E83="","",SUMIFS(RaceResults!$C:$C,RaceResults!$A:$A,$A83,RaceResults!$D:$D,E83)) -> 4 | I83: =IF(F83="","",SUMIFS(RaceResults!$C:$C,RaceResults!$A:$A,$A83,RaceResults!$D:$D,F83)) -> 2 | J83: =IF(D83="","",SUMIFS(RaceResults!$E:$E,RaceResults!$A:$A,$A83,RaceResults!$D:$D,D83)) -> 55 | K83: =IF(E83="","",SUMIFS(RaceResults!$E:$E,RaceResults!$A:$A,$A83,RaceResults!$D:$D,E83)) -> 33 | L83: =IF(F83="","",SUMIFS(RaceResults!$E:$E,RaceResults!$A:$A,$A83,RaceResults!$D:$D,F83)) -> 35 | M83: =SUM(J83:L83) -> 123
A84: 9 | B84: KANSAS | C84: Darin | D84: 12 | E84: 54 | F84: 5 | G84: =IF(D84="","",SUMIFS(RaceResults!$C:$C,RaceResults!$A:$A,$A84,RaceResults!$D:$D,D84)) -> 24 | H84: =IF(E84="","",SUMIFS(RaceResults!$C:$C,RaceResults!$A:$A,$A84,RaceResults!$D:$D,E84)) -> 9 | I84: =IF(F84="","",SUMIFS(RaceResults!$C:$C,RaceResults!$A:$A,$A84,RaceResults!$D:$D,F84)) -> 2 | J84: =IF(D84="","",SUMIFS(RaceResults!$E:$E,RaceResults!$A:$A,$A84,RaceResults!$D:$D,D84)) -> 13 | K84: =IF(E84="","",SUMIFS(RaceResults!$E:$E,RaceResults!$A:$A,$A84,RaceResults!$D:$D,E84)) -> 28 | L84: =IF(F84="","",SUMIFS(RaceResults!$E:$E,RaceResults!$A:$A,$A84,RaceResults!$D:$D,F84)) -> 35 | M84: =SUM(J84:L84) -> 76
A85: 9 | B85: KANSAS | C85: Alz | D85: 12 | E85: 5 | F85: 54 | G85: =IF(D85="","",SUMIFS(RaceResults!$C:$C,RaceResults!$A:$A,$A85,RaceResults!$D:$D,D85)) -> 24 | H85: =IF(E85="","",SUMIFS(RaceResults!$C:$C,RaceResults!$A:$A,$A85,RaceResults!$D:$D,E85)) -> 2 | I85: =IF(F85="","",SUMIFS(RaceResults!$C:$C,RaceResults!$A:$A,$A85,RaceResults!$D:$D,F85)) -> 9 | J85: =IF(D85="","",SUMIFS(RaceResults!$E:$E,RaceResults!$A:$A,$A85,RaceResults!$D:$D,D85)) -> 13 | K85: =IF(E85="","",SUMIFS(RaceResults!$E:$E,RaceResults!$A:$A,$A85,RaceResults!$D:$D,E85)) -> 35 | L85: =IF(F85="","",SUMIFS(RaceResults!$E:$E,RaceResults!$A:$A,$A85,RaceResults!$D:$D,F85)) -> 28 | M85: =SUM(J85:L85) -> 76
A86: 9 | B86: KANSAS | C86: Joe | D86: 5 | E86: 11 | F86: 20 | G86: =IF(D86="","",SUMIFS(RaceResults!$C:$C,RaceResults!$A:$A,$A86,RaceResults!$D:$D,D86)) -> 2 | H86: =IF(E86="","",SUMIFS(RaceResults!$C:$C,RaceResults!$A:$A,$A86,RaceResults!$D:$D,E86)) -> 4 | I86: =IF(F86="","",SUMIFS(RaceResults!$C:$C,RaceResults!$A:$A,$A86,RaceResults!$D:$D,F86)) -> 20 | J86: =IF(D86="","",SUMIFS(RaceResults!$E:$E,RaceResults!$A:$A,$A86,RaceResults!$D:$D,D86)) -> 35 | K86: =IF(E86="","",SUMIFS(RaceResults!$E:$E,RaceResults!$A:$A,$A86,RaceResults!$D:$D,E86)) -> 33 | L86: =IF(F86="","",SUMIFS(RaceResults!$E:$E,RaceResults!$A:$A,$A86,RaceResults!$D:$D,F86)) -> 17 | M86: =SUM(J86:L86) -> 85
A87: 9 | B87: KANSAS | C87: Evelyn | D87: 12 | E87: 5 | F87: 54 | G87: =IF(D87="","",SUMIFS(RaceResults!$C:$C,RaceResults!$A:$A,$A87,RaceResults!$D:$D,D87)) -> 24 | H87: =IF(E87="","",SUMIFS(RaceResults!$C:$C,RaceResults!$A:$A,$A87,RaceResults!$D:$D,E87)) -> 2 | I87: =IF(F87="","",SUMIFS(RaceResults!$C:$C,RaceResults!$A:$A,$A87,RaceResults!$D:$D,F87)) -> 9 | J87: =IF(D87="","",SUMIFS(RaceResults!$E:$E,RaceResults!$A:$A,$A87,RaceResults!$D:$D,D87)) -> 13 | K87: =IF(E87="","",SUMIFS(RaceResults!$E:$E,RaceResults!$A:$A,$A87,RaceResults!$D:$D,E87)) -> 35 | L87: =IF(F87="","",SUMIFS(RaceResults!$E:$E,RaceResults!$A:$A,$A87,RaceResults!$D:$D,F87)) -> 28 | M87: =SUM(J87:L87) -> 76
A88: 9 | B88: KANSAS | C88: Deric | D88: 5 | E88: 9 | F88: 24 | G88: =IF(D88="","",SUMIFS(RaceResults!$C:$C,RaceResults!$A:$A,$A88,RaceResults!$D:$D,D88)) -> 2 | H88: =IF(E88="","",SUMIFS(RaceResults!$C:$C,RaceResults!$A:$A,$A88,RaceResults!$D:$D,E88)) -> 8 | I88: =IF(F88="","",SUMIFS(RaceResults!$C:$C,RaceResults!$A:$A,$A88,RaceResults!$D:$D,F88)) -> 7 | J88: =IF(D88="","",SUMIFS(RaceResults!$E:$E,RaceResults!$A:$A,$A88,RaceResults!$D:$D,D88)) -> 35 | K88: =IF(E88="","",SUMIFS(RaceResults!$E:$E,RaceResults!$A:$A,$A88,RaceResults!$D:$D,E88)) -> 29 | L88: =IF(F88="","",SUMIFS(RaceResults!$E:$E,RaceResults!$A:$A,$A88,RaceResults!$D:$D,F88)) -> 30 | M88: =SUM(J88:L88) -> 94
A89: 9 | B89: KANSAS | C89: Josh | G89: =IF(D89="","",SUMIFS(RaceResults!$C:$C,RaceResults!$A:$A,$A89,RaceResults!$D:$D,D89)) | H89: =IF(E89="","",SUMIFS(RaceResults!$C:$C,RaceResults!$A:$A,$A89,RaceResults!$D:$D,E89)) | I89: =IF(F89="","",SUMIFS(RaceResults!$C:$C,RaceResults!$A:$A,$A89,RaceResults!$D:$D,F89)) | J89: =IF(D89="","",SUMIFS(RaceResults!$E:$E,RaceResults!$A:$A,$A89,RaceResults!$D:$D,D89)) | K89: =IF(E89="","",SUMIFS(RaceResults!$E:$E,RaceResults!$A:$A,$A89,RaceResults!$D:$D,E89)) | L89: =IF(F89="","",SUMIFS(RaceResults!$E:$E,RaceResults!$A:$A,$A89,RaceResults!$D:$D,F89)) | M89: =SUM(J89:L89) -> 0
A90: 9 | B90: KANSAS | C90: Jay | D90: 5 | E90: 12 | F90: 54 | G90: =IF(D90="","",SUMIFS(RaceResults!$C:$C,RaceResults!$A:$A,$A90,RaceResults!$D:$D,D90)) -> 2 | H90: =IF(E90="","",SUMIFS(RaceResults!$C:$C,RaceResults!$A:$A,$A90,RaceResults!$D:$D,E90)) -> 24 | I90: =IF(F90="","",SUMIFS(RaceResults!$C:$C,RaceResults!$A:$A,$A90,RaceResults!$D:$D,F90)) -> 9 | J90: =IF(D90="","",SUMIFS(RaceResults!$E:$E,RaceResults!$A:$A,$A90,RaceResults!$D:$D,D90)) -> 35 | K90: =IF(E90="","",SUMIFS(RaceResults!$E:$E,RaceResults!$A:$A,$A90,RaceResults!$D:$D,E90)) -> 13 | L90: =IF(F90="","",SUMIFS(RaceResults!$E:$E,RaceResults!$A:$A,$A90,RaceResults!$D:$D,F90)) -> 28 | M90: =SUM(J90:L90) -> 76
A91: 9 | B91: KANSAS | C91: Ryan | D91: 11 | E91: 54 | F91: 12 | G91: =IF(D91="","",SUMIFS(RaceResults!$C:$C,RaceResults!$A:$A,$A91,RaceResults!$D:$D,D91)) -> 4 | H91: =IF(E91="","",SUMIFS(RaceResults!$C:$C,RaceResults!$A:$A,$A91,RaceResults!$D:$D,E91)) -> 9 | I91: =IF(F91="","",SUMIFS(RaceResults!$C:$C,RaceResults!$A:$A,$A91,RaceResults!$D:$D,F91)) -> 24 | J91: =IF(D91="","",SUMIFS(RaceResults!$E:$E,RaceResults!$A:$A,$A91,RaceResults!$D:$D,D91)) -> 33 | K91: =IF(E91="","",SUMIFS(RaceResults!$E:$E,RaceResults!$A:$A,$A91,RaceResults!$D:$D,E91)) -> 28 | L91: =IF(F91="","",SUMIFS(RaceResults!$E:$E,RaceResults!$A:$A,$A91,RaceResults!$D:$D,F91)) -> 13 | M91: =SUM(J91:L91) -> 74
A92: 10 | B92: TALLADEGA | C92: Pat | D92: 5 | E92: 12 | F92: 45 | G92: =IF(D92="","",SUMIFS(RaceResults!$C:$C,RaceResults!$A:$A,$A92,RaceResults!$D:$D,D92)) -> 40 | H92: =IF(E92="","",SUMIFS(RaceResults!$C:$C,RaceResults!$A:$A,$A92,RaceResults!$D:$D,E92)) -> 37 | I92: =IF(F92="","",SUMIFS(RaceResults!$C:$C,RaceResults!$A:$A,$A92,RaceResults!$D:$D,F92)) -> 14 | J92: =IF(D92="","",SUMIFS(RaceResults!$E:$E,RaceResults!$A:$A,$A92,RaceResults!$D:$D,D92)) -> 1 | K92: =IF(E92="","",SUMIFS(RaceResults!$E:$E,RaceResults!$A:$A,$A92,RaceResults!$D:$D,E92)) -> 1 | L92: =IF(F92="","",SUMIFS(RaceResults!$E:$E,RaceResults!$A:$A,$A92,RaceResults!$D:$D,F92)) -> 23 | M92: =SUM(J92:L92) -> 25
A93: 10 | B93: TALLADEGA | C93: Meg | D93: 45 | E93: 11 | F93: 12 | G93: =IF(D93="","",SUMIFS(RaceResults!$C:$C,RaceResults!$A:$A,$A93,RaceResults!$D:$D,D93)) -> 14 | H93: =IF(E93="","",SUMIFS(RaceResults!$C:$C,RaceResults!$A:$A,$A93,RaceResults!$D:$D,E93)) -> 15 | I93: =IF(F93="","",SUMIFS(RaceResults!$C:$C,RaceResults!$A:$A,$A93,RaceResults!$D:$D,F93)) -> 37 | J93: =IF(D93="","",SUMIFS(RaceResults!$E:$E,RaceResults!$A:$A,$A93,RaceResults!$D:$D,D93)) -> 23 | K93: =IF(E93="","",SUMIFS(RaceResults!$E:$E,RaceResults!$A:$A,$A93,RaceResults!$D:$D,E93)) -> 22 | L93: =IF(F93="","",SUMIFS(RaceResults!$E:$E,RaceResults!$A:$A,$A93,RaceResults!$D:$D,F93)) -> 1 | M93: =SUM(J93:L93) -> 46
A94: 10 | B94: TALLADEGA | C94: Darin | D94: 5 | E94: 23 | F94: 24 | G94: =IF(D94="","",SUMIFS(RaceResults!$C:$C,RaceResults!$A:$A,$A94,RaceResults!$D:$D,D94)) -> 40 | H94: =IF(E94="","",SUMIFS(RaceResults!$C:$C,RaceResults!$A:$A,$A94,RaceResults!$D:$D,E94)) -> 36 | I94: =IF(F94="","",SUMIFS(RaceResults!$C:$C,RaceResults!$A:$A,$A94,RaceResults!$D:$D,F94)) -> 35 | J94: =IF(D94="","",SUMIFS(RaceResults!$E:$E,RaceResults!$A:$A,$A94,RaceResults!$D:$D,D94)) -> 1 | K94: =IF(E94="","",SUMIFS(RaceResults!$E:$E,RaceResults!$A:$A,$A94,RaceResults!$D:$D,E94)) -> 1 | L94: =IF(F94="","",SUMIFS(RaceResults!$E:$E,RaceResults!$A:$A,$A94,RaceResults!$D:$D,F94)) -> 2 | M94: =SUM(J94:L94) -> 4
A95: 10 | B95: TALLADEGA | C95: Alz | D95: 5 | E95: 45 | F95: 12 | G95: =IF(D95="","",SUMIFS(RaceResults!$C:$C,RaceResults!$A:$A,$A95,RaceResults!$D:$D,D95)) -> 40 | H95: =IF(E95="","",SUMIFS(RaceResults!$C:$C,RaceResults!$A:$A,$A95,RaceResults!$D:$D,E95)) -> 14 | I95: =IF(F95="","",SUMIFS(RaceResults!$C:$C,RaceResults!$A:$A,$A95,RaceResults!$D:$D,F95)) -> 37 | J95: =IF(D95="","",SUMIFS(RaceResults!$E:$E,RaceResults!$A:$A,$A95,RaceResults!$D:$D,D95)) -> 1 | K95: =IF(E95="","",SUMIFS(RaceResults!$E:$E,RaceResults!$A:$A,$A95,RaceResults!$D:$D,E95)) -> 23 | L95: =IF(F95="","",SUMIFS(RaceResults!$E:$E,RaceResults!$A:$A,$A95,RaceResults!$D:$D,F95)) -> 1 | M95: =SUM(J95:L95) -> 25
A96: 10 | B96: TALLADEGA | C96: Joe | D96: 22 | E96: 5 | F96: 24 | G96: =IF(D96="","",SUMIFS(RaceResults!$C:$C,RaceResults!$A:$A,$A96,RaceResults!$D:$D,D96)) -> 39 | H96: =IF(E96="","",SUMIFS(RaceResults!$C:$C,RaceResults!$A:$A,$A96,RaceResults!$D:$D,E96)) -> 40 | I96: =IF(F96="","",SUMIFS(RaceResults!$C:$C,RaceResults!$A:$A,$A96,RaceResults!$D:$D,F96)) -> 35 | J96: =IF(D96="","",SUMIFS(RaceResults!$E:$E,RaceResults!$A:$A,$A96,RaceResults!$D:$D,D96)) -> 1 | K96: =IF(E96="","",SUMIFS(RaceResults!$E:$E,RaceResults!$A:$A,$A96,RaceResults!$D:$D,E96)) -> 1 | L96: =IF(F96="","",SUMIFS(RaceResults!$E:$E,RaceResults!$A:$A,$A96,RaceResults!$D:$D,F96)) -> 2 | M96: =SUM(J96:L96) -> 4
A97: 10 | B97: TALLADEGA | C97: Evelyn | D97: 45 | E97: 23 | F97: 24 | G97: =IF(D97="","",SUMIFS(RaceResults!$C:$C,RaceResults!$A:$A,$A97,RaceResults!$D:$D,D97)) -> 14 | H97: =IF(E97="","",SUMIFS(RaceResults!$C:$C,RaceResults!$A:$A,$A97,RaceResults!$D:$D,E97)) -> 36 | I97: =IF(F97="","",SUMIFS(RaceResults!$C:$C,RaceResults!$A:$A,$A97,RaceResults!$D:$D,F97)) -> 35 | J97: =IF(D97="","",SUMIFS(RaceResults!$E:$E,RaceResults!$A:$A,$A97,RaceResults!$D:$D,D97)) -> 23 | K97: =IF(E97="","",SUMIFS(RaceResults!$E:$E,RaceResults!$A:$A,$A97,RaceResults!$D:$D,E97)) -> 1 | L97: =IF(F97="","",SUMIFS(RaceResults!$E:$E,RaceResults!$A:$A,$A97,RaceResults!$D:$D,F97)) -> 2 | M97: =SUM(J97:L97) -> 26
A98: 10 | B98: TALLADEGA | C98: Deric | D98: 5 | E98: 24 | F98: 9 | G98: =IF(D98="","",SUMIFS(RaceResults!$C:$C,RaceResults!$A:$A,$A98,RaceResults!$D:$D,D98)) -> 40 | H98: =IF(E98="","",SUMIFS(RaceResults!$C:$C,RaceResults!$A:$A,$A98,RaceResults!$D:$D,E98)) -> 35 | I98: =IF(F98="","",SUMIFS(RaceResults!$C:$C,RaceResults!$A:$A,$A98,RaceResults!$D:$D,F98)) -> 4 | J98: =IF(D98="","",SUMIFS(RaceResults!$E:$E,RaceResults!$A:$A,$A98,RaceResults!$D:$D,D98)) -> 1 | K98: =IF(E98="","",SUMIFS(RaceResults!$E:$E,RaceResults!$A:$A,$A98,RaceResults!$D:$D,E98)) -> 2 | L98: =IF(F98="","",SUMIFS(RaceResults!$E:$E,RaceResults!$A:$A,$A98,RaceResults!$D:$D,F98)) -> 33 | M98: =SUM(J98:L98) -> 36
A99: 10 | B99: TALLADEGA | C99: Josh | G99: =IF(D99="","",SUMIFS(RaceResults!$C:$C,RaceResults!$A:$A,$A99,RaceResults!$D:$D,D99)) | H99: =IF(E99="","",SUMIFS(RaceResults!$C:$C,RaceResults!$A:$A,$A99,RaceResults!$D:$D,E99)) | I99: =IF(F99="","",SUMIFS(RaceResults!$C:$C,RaceResults!$A:$A,$A99,RaceResults!$D:$D,F99)) | J99: =IF(D99="","",SUMIFS(RaceResults!$E:$E,RaceResults!$A:$A,$A99,RaceResults!$D:$D,D99)) | K99: =IF(E99="","",SUMIFS(RaceResults!$E:$E,RaceResults!$A:$A,$A99,RaceResults!$D:$D,E99)) | L99: =IF(F99="","",SUMIFS(RaceResults!$E:$E,RaceResults!$A:$A,$A99,RaceResults!$D:$D,F99)) | M99: =SUM(J99:L99) -> 0
A100: 10 | B100: TALLADEGA | C100: Jay | D100: 12 | E100: 22 | F100: 6 | G100: =IF(D100="","",SUMIFS(RaceResults!$C:$C,RaceResults!$A:$A,$A100,RaceResults!$D:$D,D100)) -> 37 | H100: =IF(E100="","",SUMIFS(RaceResults!$C:$C,RaceResults!$A:$A,$A100,RaceResults!$D:$D,E100)) -> 39 | I100: =IF(F100="","",SUMIFS(RaceResults!$C:$C,RaceResults!$A:$A,$A100,RaceResults!$D:$D,F100)) -> 31 | J100: =IF(D100="","",SUMIFS(RaceResults!$E:$E,RaceResults!$A:$A,$A100,RaceResults!$D:$D,D100)) -> 1 | K100: =IF(E100="","",SUMIFS(RaceResults!$E:$E,RaceResults!$A:$A,$A100,RaceResults!$D:$D,E100)) -> 1 | L100: =IF(F100="","",SUMIFS(RaceResults!$E:$E,RaceResults!$A:$A,$A100,RaceResults!$D:$D,F100)) -> 6 | M100: =SUM(J100:L100) -> 8
A101: 10 | B101: TALLADEGA | C101: Ryan | D101: 5 | E101: 23 | F101: 54 | G101: =IF(D101="","",SUMIFS(RaceResults!$C:$C,RaceResults!$A:$A,$A101,RaceResults!$D:$D,D101)) -> 40 | H101: =IF(E101="","",SUMIFS(RaceResults!$C:$C,RaceResults!$A:$A,$A101,RaceResults!$D:$D,E101)) -> 36 | I101: =IF(F101="","",SUMIFS(RaceResults!$C:$C,RaceResults!$A:$A,$A101,RaceResults!$D:$D,F101)) -> 34 | J101: =IF(D101="","",SUMIFS(RaceResults!$E:$E,RaceResults!$A:$A,$A101,RaceResults!$D:$D,D101)) -> 1 | K101: =IF(E101="","",SUMIFS(RaceResults!$E:$E,RaceResults!$A:$A,$A101,RaceResults!$D:$D,E101)) -> 1 | L101: =IF(F101="","",SUMIFS(RaceResults!$E:$E,RaceResults!$A:$A,$A101,RaceResults!$D:$D,F101)) -> 3 | M101: =SUM(J101:L101) -> 5
A102: 11 | B102: TEXAS | C102: Pat | D102: 5 | E102: 77 | F102: 11 | G102: =IF(D102="","",SUMIFS(RaceResults!$C:$C,RaceResults!$A:$A,$A102,RaceResults!$D:$D,D102)) -> 34 | H102: =IF(E102="","",SUMIFS(RaceResults!$C:$C,RaceResults!$A:$A,$A102,RaceResults!$D:$D,E102)) -> 7 | I102: =IF(F102="","",SUMIFS(RaceResults!$C:$C,RaceResults!$A:$A,$A102,RaceResults!$D:$D,F102)) -> 2 | J102: =IF(D102="","",SUMIFS(RaceResults!$E:$E,RaceResults!$A:$A,$A102,RaceResults!$D:$D,D102)) -> 3 | K102: =IF(E102="","",SUMIFS(RaceResults!$E:$E,RaceResults!$A:$A,$A102,RaceResults!$D:$D,E102)) -> 30 | L102: =IF(F102="","",SUMIFS(RaceResults!$E:$E,RaceResults!$A:$A,$A102,RaceResults!$D:$D,F102)) -> 35 | M102: =SUM(J102:L102) -> 68
A103: 11 | B103: TEXAS | C103: Meg | D103: 11 | E103: 7 | F103: 45 | G103: =IF(D103="","",SUMIFS(RaceResults!$C:$C,RaceResults!$A:$A,$A103,RaceResults!$D:$D,D103)) -> 2 | H103: =IF(E103="","",SUMIFS(RaceResults!$C:$C,RaceResults!$A:$A,$A103,RaceResults!$D:$D,E103)) -> 6 | I103: =IF(F103="","",SUMIFS(RaceResults!$C:$C,RaceResults!$A:$A,$A103,RaceResults!$D:$D,F103)) -> 4 | J103: =IF(D103="","",SUMIFS(RaceResults!$E:$E,RaceResults!$A:$A,$A103,RaceResults!$D:$D,D103)) -> 35 | K103: =IF(E103="","",SUMIFS(RaceResults!$E:$E,RaceResults!$A:$A,$A103,RaceResults!$D:$D,E103)) -> 31 | L103: =IF(F103="","",SUMIFS(RaceResults!$E:$E,RaceResults!$A:$A,$A103,RaceResults!$D:$D,F103)) -> 33 | M103: =SUM(J103:L103) -> 99
A104: 11 | B104: TEXAS | C104: Darin | D104: 17 | E104: 19 | F104: 20 | G104: =IF(D104="","",SUMIFS(RaceResults!$C:$C,RaceResults!$A:$A,$A104,RaceResults!$D:$D,D104)) -> 5 | H104: =IF(E104="","",SUMIFS(RaceResults!$C:$C,RaceResults!$A:$A,$A104,RaceResults!$D:$D,E104)) -> 23 | I104: =IF(F104="","",SUMIFS(RaceResults!$C:$C,RaceResults!$A:$A,$A104,RaceResults!$D:$D,F104)) -> 38 | J104: =IF(D104="","",SUMIFS(RaceResults!$E:$E,RaceResults!$A:$A,$A104,RaceResults!$D:$D,D104)) -> 32 | K104: =IF(E104="","",SUMIFS(RaceResults!$E:$E,RaceResults!$A:$A,$A104,RaceResults!$D:$D,E104)) -> 14 | L104: =IF(F104="","",SUMIFS(RaceResults!$E:$E,RaceResults!$A:$A,$A104,RaceResults!$D:$D,F104)) -> 1 | M104: =SUM(J104:L104) -> 47
A105: 11 | B105: TEXAS | C105: Alz | D105: 11 | E105: 77 | F105: 12 | G105: =IF(D105="","",SUMIFS(RaceResults!$C:$C,RaceResults!$A:$A,$A105,RaceResults!$D:$D,D105)) -> 2 | H105: =IF(E105="","",SUMIFS(RaceResults!$C:$C,RaceResults!$A:$A,$A105,RaceResults!$D:$D,E105)) -> 7 | I105: =IF(F105="","",SUMIFS(RaceResults!$C:$C,RaceResults!$A:$A,$A105,RaceResults!$D:$D,F105)) -> 10 | J105: =IF(D105="","",SUMIFS(RaceResults!$E:$E,RaceResults!$A:$A,$A105,RaceResults!$D:$D,D105)) -> 35 | K105: =IF(E105="","",SUMIFS(RaceResults!$E:$E,RaceResults!$A:$A,$A105,RaceResults!$D:$D,E105)) -> 30 | L105: =IF(F105="","",SUMIFS(RaceResults!$E:$E,RaceResults!$A:$A,$A105,RaceResults!$D:$D,F105)) -> 27 | M105: =SUM(J105:L105) -> 92
A106: 11 | B106: TEXAS | C106: Joe | D106: 20 | E106: 11 | F106: 22 | G106: =IF(D106="","",SUMIFS(RaceResults!$C:$C,RaceResults!$A:$A,$A106,RaceResults!$D:$D,D106)) -> 38 | H106: =IF(E106="","",SUMIFS(RaceResults!$C:$C,RaceResults!$A:$A,$A106,RaceResults!$D:$D,E106)) -> 2 | I106: =IF(F106="","",SUMIFS(RaceResults!$C:$C,RaceResults!$A:$A,$A106,RaceResults!$D:$D,F106)) -> 37 | J106: =IF(D106="","",SUMIFS(RaceResults!$E:$E,RaceResults!$A:$A,$A106,RaceResults!$D:$D,D106)) -> 1 | K106: =IF(E106="","",SUMIFS(RaceResults!$E:$E,RaceResults!$A:$A,$A106,RaceResults!$D:$D,E106)) -> 35 | L106: =IF(F106="","",SUMIFS(RaceResults!$E:$E,RaceResults!$A:$A,$A106,RaceResults!$D:$D,F106)) -> 1 | M106: =SUM(J106:L106) -> 37
A107: 11 | B107: TEXAS | C107: Evelyn | D107: 19 | E107: 77 | F107: 45 | G107: =IF(D107="","",SUMIFS(RaceResults!$C:$C,RaceResults!$A:$A,$A107,RaceResults!$D:$D,D107)) -> 23 | H107: =IF(E107="","",SUMIFS(RaceResults!$C:$C,RaceResults!$A:$A,$A107,RaceResults!$D:$D,E107)) -> 7 | I107: =IF(F107="","",SUMIFS(RaceResults!$C:$C,RaceResults!$A:$A,$A107,RaceResults!$D:$D,F107)) -> 4 | J107: =IF(D107="","",SUMIFS(RaceResults!$E:$E,RaceResults!$A:$A,$A107,RaceResults!$D:$D,D107)) -> 14 | K107: =IF(E107="","",SUMIFS(RaceResults!$E:$E,RaceResults!$A:$A,$A107,RaceResults!$D:$D,E107)) -> 30 | L107: =IF(F107="","",SUMIFS(RaceResults!$E:$E,RaceResults!$A:$A,$A107,RaceResults!$D:$D,F107)) -> 33 | M107: =SUM(J107:L107) -> 77
...

Sheet RaceSummary
A1: Race # | B1: Race | C1: Winner | D1: Winner Pts | E1: Most Popular Pick | F1: Pick Count | G1: Worst Pick Car | H1: Worst Finish | I1: Worst Picked By
A2: 1 | B2: DAYTONA 500 | C2: =IF(MAX(WeeklyPicks!$M$2:$M$11)=0,"",INDEX(WeeklyPicks!$C$2:$C$11,MATCH(MAX(WeeklyPicks!$M$2:$M$11),WeeklyPicks!$M$2:$M$11,0))) | D2: =MAX(WeeklyPicks!$M$2:$M$11) -> 0 | E2: =IF(MAX(CountCalc!$D$2:$D$100)=0,"",INDEX(CountCalc!$C$2:$C$100,MATCH(MAX(CountCalc!$D$2:$D$100),CountCalc!$D$2:$D$100,0))) | F2: =MAX(CountCalc!$D$2:$D$100) -> 0 | G2: =IF(MAX(Calc!$F$2:$F$31)=0,"",INDEX(Calc!$E$2:$E$31,MATCH(MAX(Calc!$F$2:$F$31),Calc!$F$2:$F$31,0))) | H2: =MAX(Calc!$F$2:$F$31) -> 0 | I2: =IF(H2=0,"",INDEX(Calc!$C$2:$C$31,MATCH(H2,Calc!$F$2:$F$31,0)))
A3: 2 | B3: ECHOPARK (ATLANTA) | C3: =IF(MAX(WeeklyPicks!$M$12:$M$21)=0,"",INDEX(WeeklyPicks!$C$12:$C$21,MATCH(MAX(WeeklyPicks!$M$12:$M$21),WeeklyPicks!$M$12:$M$21,0))) | D3: =MAX(WeeklyPicks!$M$12:$M$21) -> 0 | E3: =IF(MAX(CountCalc!$D$101:$D$199)=0,"",INDEX(CountCalc!$C$101:$C$199,MATCH(MAX(CountCalc!$D$101:$D$199),CountCalc!$D$101:$D$199,0))) | F3: =MAX(CountCalc!$D$101:$D$199) -> 0 | G3: =IF(MAX(Calc!$F$32:$F$61)=0,"",INDEX(Calc!$E$32:$E$61,MATCH(MAX(Calc!$F$32:$F$61),Calc!$F$32:$F$61,0))) | H3: =MAX(Calc!$F$32:$F$61) -> 0 | I3: =IF(H3=0,"",INDEX(Calc!$C$32:$C$61,MATCH(H3,Calc!$F$32:$F$61,0)))
A4: 3 | B4: COTA (AUSTIN) | C4: =IF(MAX(WeeklyPicks!$M$22:$M$31)=0,"",INDEX(WeeklyPicks!$C$22:$C$31,MATCH(MAX(WeeklyPicks!$M$22:$M$31),WeeklyPicks!$M$22:$M$31,0))) -> Meg | D4: =MAX(WeeklyPicks!$M$22:$M$31) -> 111 | E4: =IF(MAX(CountCalc!$D$200:$D$298)=0,"",INDEX(CountCalc!$C$200:$C$298,MATCH(MAX(CountCalc!$D$200:$D$298),CountCalc!$D$200:$D$298,0))) -> 11 | F4: =MAX(CountCalc!$D$200:$D$298) -> 2 | G4: =IF(MAX(Calc!$F$62:$F$91)=0,"",INDEX(Calc!$E$62:$E$91,MATCH(MAX(Calc!$F$62:$F$91),Calc!$F$62:$F$91,0))) -> 19 | H4: =MAX(Calc!$F$62:$F$91) -> 37 | I4: =IF(H4=0,"",INDEX(Calc!$C$62:$C$91,MATCH(H4,Calc!$F$62:$F$91,0))) -> Darin
A5: 4 | B5: PHOENIX | C5: =IF(MAX(WeeklyPicks!$M$32:$M$41)=0,"",INDEX(WeeklyPicks!$C$32:$C$41,MATCH(MAX(WeeklyPicks!$M$32:$M$41),WeeklyPicks!$M$32:$M$41,0))) -> Pat | D5: =MAX(WeeklyPicks!$M$32:$M$41) -> 95 | E5: =IF(MAX(CountCalc!$D$299:$D$397)=0,"",INDEX(CountCalc!$C$299:$C$397,MATCH(MAX(CountCalc!$D$299:$D$397),CountCalc!$D$299:$D$397,0))) -> 12 | F5: =MAX(CountCalc!$D$299:$D$397) -> 3 | G5: =IF(MAX(Calc!$F$92:$F$121)=0,"",INDEX(Calc!$E$92:$E$121,MATCH(MAX(Calc!$F$92:$F$121),Calc!$F$92:$F$121,0))) -> 19 | H5: =MAX(Calc!$F$92:$F$121) -> 37 | I5: =IF(H5=0,"",INDEX(Calc!$C$92:$C$121,MATCH(H5,Calc!$F$92:$F$121,0))) -> Joe
A6: 5 | B6: LAS VEGAS | C6: =IF(MAX(WeeklyPicks!$M$42:$M$51)=0,"",INDEX(WeeklyPicks!$C$42:$C$51,MATCH(MAX(WeeklyPicks!$M$42:$M$51),WeeklyPicks!$M$42:$M$51,0))) -> Joe | D6: =MAX(WeeklyPicks!$M$42:$M$51) -> 118 | E6: =IF(MAX(CountCalc!$D$398:$D$496)=0,"",INDEX(CountCalc!$C$398:$C$496,MATCH(MAX(CountCalc!$D$398:$D$496),CountCalc!$D$398:$D$496,0))) -> 5 | F6: =MAX(CountCalc!$D$398:$D$496) -> 4 | G6: =IF(MAX(Calc!$F$122:$F$151)=0,"",INDEX(Calc!$E$122:$E$151,MATCH(MAX(Calc!$F$122:$F$151),Calc!$F$122:$F$151,0))) -> 12 | H6: =MAX(Calc!$F$122:$F$151) -> 16 | I6: =IF(H6=0,"",INDEX(Calc!$C$122:$C$151,MATCH(H6,Calc!$F$122:$F$151,0))) -> Meg
A7: 6 | B7: DARLINGTON | C7: =IF(MAX(WeeklyPicks!$M$52:$M$61)=0,"",INDEX(WeeklyPicks!$C$52:$C$61,MATCH(MAX(WeeklyPicks!$M$52:$M$61),WeeklyPicks!$M$52:$M$61,0))) -> Alz | D7: =MAX(WeeklyPicks!$M$52:$M$61) -> 115 | E7: =IF(MAX(CountCalc!$D$497:$D$595)=0,"",INDEX(CountCalc!$C$497:$C$595,MATCH(MAX(CountCalc!$D$497:$D$595),CountCalc!$D$497:$D$595,0))) -> 11 | F7: =MAX(CountCalc!$D$497:$D$595) -> 7 | G7: =IF(MAX(Calc!$F$152:$F$181)=0,"",INDEX(Calc!$E$152:$E$181,MATCH(MAX(Calc!$F$152:$F$181),Calc!$F$152:$F$181,0))) -> 22 | H7: =MAX(Calc!$F$152:$F$181) -> 33 | I7: =IF(H7=0,"",INDEX(Calc!$C$152:$C$181,MATCH(H7,Calc!$F$152:$F$181,0))) -> Meg
A8: 7 | B8: MARTINSVILLE | C8: =IF(MAX(WeeklyPicks!$M$62:$M$71)=0,"",INDEX(WeeklyPicks!$C$62:$C$71,MATCH(MAX(WeeklyPicks!$M$62:$M$71),WeeklyPicks!$M$62:$M$71,0))) -> Darin | D8: =MAX(WeeklyPicks!$M$62:$M$71) -> 122 | E8: =IF(MAX(CountCalc!$D$596:$D$694)=0,"",INDEX(CountCalc!$C$596:$C$694,MATCH(MAX(CountCalc!$D$596:$D$694),CountCalc!$D$596:$D$694,0))) -> 11 | F8: =MAX(CountCalc!$D$596:$D$694) -> 8 | G8: =IF(MAX(Calc!$F$182:$F$211)=0,"",INDEX(Calc!$E$182:$E$211,MATCH(MAX(Calc!$F$182:$F$211),Calc!$F$182:$F$211,0))) -> 23 | H8: =MAX(Calc!$F$182:$F$211) -> 36 | I8: =IF(H8=0,"",INDEX(Calc!$C$182:$C$211,MATCH(H8,Calc!$F$182:$F$211,0))) -> Ryan
A9: 8 | B9: BRISTOL | C9: =IF(MAX(WeeklyPicks!$M$72:$M$81)=0,"",INDEX(WeeklyPicks!$C$72:$C$81,MATCH(MAX(WeeklyPicks!$M$72:$M$81),WeeklyPicks!$M$72:$M$81,0))) -> Ryan | D9: =MAX(WeeklyPicks!$M$72:$M$81) -> 123 | E9: =IF(MAX(CountCalc!$D$695:$D$793)=0,"",INDEX(CountCalc!$C$695:$C$793,MATCH(MAX(CountCalc!$D$695:$D$793),CountCalc!$D$695:$D$793,0))) -> 12 | F9: =MAX(CountCalc!$D$695:$D$793) -> 6 | G9: =IF(MAX(Calc!$F$212:$F$241)=0,"",INDEX(Calc!$E$212:$E$241,MATCH(MAX(Calc!$F$212:$F$241),Calc!$F$212:$F$241,0))) -> 20 | H9: =MAX(Calc!$F$212:$F$241) -> 27 | I9: =IF(H9=0,"",INDEX(Calc!$C$212:$C$241,MATCH(H9,Calc!$F$212:$F$241,0))) -> Joe
A10: 9 | B10: KANSAS | C10: =IF(MAX(WeeklyPicks!$M$82:$M$91)=0,"",INDEX(WeeklyPicks!$C$82:$C$91,MATCH(MAX(WeeklyPicks!$M$82:$M$91),WeeklyPicks!$M$82:$M$91,0))) -> Pat | D10: =MAX(WeeklyPicks!$M$82:$M$91) -> 123 | E10: =IF(MAX(CountCalc!$D$794:$D$892)=0,"",INDEX(CountCalc!$C$794:$C$892,MATCH(MAX(CountCalc!$D$794:$D$892),CountCalc!$D$794:$D$892,0))) -> 5 | F10: =MAX(CountCalc!$D$794:$D$892) -> 8 | G10: =IF(MAX(Calc!$F$242:$F$271)=0,"",INDEX(Calc!$E$242:$E$271,MATCH(MAX(Calc!$F$242:$F$271),Calc!$F$242:$F$271,0))) -> 12 | H10: =MAX(Calc!$F$242:$F$271) -> 24 | I10: =IF(H10=0,"",INDEX(Calc!$C$242:$C$271,MATCH(H10,Calc!$F$242:$F$271,0))) -> Darin
A11: 10 | B11: TALLADEGA | C11: =IF(MAX(WeeklyPicks!$M$92:$M$101)=0,"",INDEX(WeeklyPicks!$C$92:$C$101,MATCH(MAX(WeeklyPicks!$M$92:$M$101),WeeklyPicks!$M$92:$M$101,0))) -> Meg | D11: =MAX(WeeklyPicks!$M$92:$M$101) -> 46 | E11: =IF(MAX(CountCalc!$D$893:$D$991)=0,"",INDEX(CountCalc!$C$893:$C$991,MATCH(MAX(CountCalc!$D$893:$D$991),CountCalc!$D$893:$D$991,0))) -> 5 | F11: =MAX(CountCalc!$D$893:$D$991) -> 6 | G11: =IF(MAX(Calc!$F$272:$F$301)=0,"",INDEX(Calc!$E$272:$E$301,MATCH(MAX(Calc!$F$272:$F$301),Calc!$F$272:$F$301,0))) -> 5 | H11: =MAX(Calc!$F$272:$F$301) -> 40 | I11: =IF(H11=0,"",INDEX(Calc!$C$272:$C$301,MATCH(H11,Calc!$F$272:$F$301,0))) -> Pat
A12: 11 | B12: TEXAS | C12: =IF(MAX(WeeklyPicks!$M$102:$M$111)=0,"",INDEX(WeeklyPicks!$C$102:$C$111,MATCH(MAX(WeeklyPicks!$M$102:$M$111),WeeklyPicks!$M$102:$M$111,0))) -> Meg | D12: =MAX(WeeklyPicks!$M$102:$M$111) -> 99 | E12: =IF(MAX(CountCalc!$D$992:$D$1090)=0,"",INDEX(CountCalc!$C$992:$C$1090,MATCH(MAX(CountCalc!$D$992:$D$1090),CountCalc!$D$992:$D$1090,0))) -> 11 | F12: =MAX(CountCalc!$D$992:$D$1090) -> 6 | G12: =IF(MAX(Calc!$F$302:$F$331)=0,"",INDEX(Calc!$E$302:$E$331,MATCH(MAX(Calc!$F$302:$F$331),Calc!$F$302:$F$331,0))) -> 20 | H12: =MAX(Calc!$F$302:$F$331) -> 38 | I12: =IF(H12=0,"",INDEX(Calc!$C$302:$C$331,MATCH(H12,Calc!$F$302:$F$331,0))) -> Darin
A13: 12 | B13: WATKINS GLEN | C13: =IF(MAX(WeeklyPicks!$M$112:$M$121)=0,"",INDEX(WeeklyPicks!$C$112:$C$121,MATCH(MAX(WeeklyPicks!$M$112:$M$121),WeeklyPicks!$M$112:$M$121,0))) -> Pat | D13: =MAX(WeeklyPicks!$M$112:$M$121) -> 109 | E13: =IF(MAX(CountCalc!$D$1091:$D$1189)=0,"",INDEX(CountCalc!$C$1091:$C$1189,MATCH(MAX(CountCalc!$D$1091:$D$1189),CountCalc!$D$1091:$D$1189,0))) -> 97 | F13: =MAX(CountCalc!$D$1091:$D$1189) -> 6 | G13: =IF(MAX(Calc!$F$332:$F$361)=0,"",INDEX(Calc!$E$332:$E$361,MATCH(MAX(Calc!$F$332:$F$361),Calc!$F$332:$F$361,0))) -> 22 | H13: =MAX(Calc!$F$332:$F$361) -> 38 | I13: =IF(H13=0,"",INDEX(Calc!$C$332:$C$361,MATCH(H13,Calc!$F$332:$F$361,0))) -> Joe
A14: 13 | B14: CHARLOTTE | C14: =IF(MAX(WeeklyPicks!$M$122:$M$131)=0,"",INDEX(WeeklyPicks!$C$122:$C$131,MATCH(MAX(WeeklyPicks!$M$122:$M$131),WeeklyPicks!$M$122:$M$131,0))) | D14: =MAX(WeeklyPicks!$M$122:$M$131) -> 0 | E14: =IF(MAX(CountCalc!$D$1190:$D$1288)=0,"",INDEX(CountCalc!$C$1190:$C$1288,MATCH(MAX(CountCalc!$D$1190:$D$1288),CountCalc!$D$1190:$D$1288,0))) -> 11 | F14: =MAX(CountCalc!$D$1190:$D$1288) -> 5 | G14: =IF(MAX(Calc!$F$362:$F$391)=0,"",INDEX(Calc!$E$362:$E$391,MATCH(MAX(Calc!$F$362:$F$391),Calc!$F$362:$F$391,0))) | H14: =MAX(Calc!$F$362:$F$391) -> 0 | I14: =IF(H14=0,"",INDEX(Calc!$C$362:$C$391,MATCH(H14,Calc!$F$362:$F$391,0)))
A15: 14 | B15: NASHVILLE | C15: =IF(MAX(WeeklyPicks!$M$132:$M$141)=0,"",INDEX(WeeklyPicks!$C$132:$C$141,MATCH(MAX(WeeklyPicks!$M$132:$M$141),WeeklyPicks!$M$132:$M$141,0))) | D15: =MAX(WeeklyPicks!$M$132:$M$141) -> 0 | E15: =IF(MAX(CountCalc!$D$1289:$D$1387)=0,"",INDEX(CountCalc!$C$1289:$C$1387,MATCH(MAX(CountCalc!$D$1289:$D$1387),CountCalc!$D$1289:$D$1387,0))) | F15: =MAX(CountCalc!$D$1289:$D$1387) -> 0 | G15: =IF(MAX(Calc!$F$392:$F$421)=0,"",INDEX(Calc!$E$392:$E$421,MATCH(MAX(Calc!$F$392:$F$421),Calc!$F$392:$F$421,0))) | H15: =MAX(Calc!$F$392:$F$421) -> 0 | I15: =IF(H15=0,"",INDEX(Calc!$C$392:$C$421,MATCH(H15,Calc!$F$392:$F$421,0)))
A16: 15 | B16: MICHIGAN | C16: =IF(MAX(WeeklyPicks!$M$142:$M$151)=0,"",INDEX(WeeklyPicks!$C$142:$C$151,MATCH(MAX(WeeklyPicks!$M$142:$M$151),WeeklyPicks!$M$142:$M$151,0))) | D16: =MAX(WeeklyPicks!$M$142:$M$151) -> 0 | E16: =IF(MAX(CountCalc!$D$1388:$D$1486)=0,"",INDEX(CountCalc!$C$1388:$C$1486,MATCH(MAX(CountCalc!$D$1388:$D$1486),CountCalc!$D$1388:$D$1486,0))) | F16: =MAX(CountCalc!$D$1388:$D$1486) -> 0 | G16: =IF(MAX(Calc!$F$422:$F$451)=0,"",INDEX(Calc!$E$422:$E$451,MATCH(MAX(Calc!$F$422:$F$451),Calc!$F$422:$F$451,0))) | H16: =MAX(Calc!$F$422:$F$451) -> 0 | I16: =IF(H16=0,"",INDEX(Calc!$C$422:$C$451,MATCH(H16,Calc!$F$422:$F$451,0)))
A17: 16 | B17: POCONO | C17: =IF(MAX(WeeklyPicks!$M$152:$M$161)=0,"",INDEX(WeeklyPicks!$C$152:$C$161,MATCH(MAX(WeeklyPicks!$M$152:$M$161),WeeklyPicks!$M$152:$M$161,0))) | D17: =MAX(WeeklyPicks!$M$152:$M$161) -> 0 | E17: =IF(MAX(CountCalc!$D$1487:$D$1585)=0,"",INDEX(CountCalc!$C$1487:$C$1585,MATCH(MAX(CountCalc!$D$1487:$D$1585),CountCalc!$D$1487:$D$1585,0))) | F17: =MAX(CountCalc!$D$1487:$D$1585) -> 0 | G17: =IF(MAX(Calc!$F$452:$F$481)=0,"",INDEX(Calc!$E$452:$E$481,MATCH(MAX(Calc!$F$452:$F$481),Calc!$F$452:$F$481,0))) | H17: =MAX(Calc!$F$452:$F$481) -> 0 | I17: =IF(H17=0,"",INDEX(Calc!$C$452:$C$481,MATCH(H17,Calc!$F$452:$F$481,0)))
A18: 17 | B18: SAN DIEGO | C18: =IF(MAX(WeeklyPicks!$M$162:$M$171)=0,"",INDEX(WeeklyPicks!$C$162:$C$171,MATCH(MAX(WeeklyPicks!$M$162:$M$171),WeeklyPicks!$M$162:$M$171,0))) | D18: =MAX(WeeklyPicks!$M$162:$M$171) -> 0 | E18: =IF(MAX(CountCalc!$D$1586:$D$1684)=0,"",INDEX(CountCalc!$C$1586:$C$1684,MATCH(MAX(CountCalc!$D$1586:$D$1684),CountCalc!$D$1586:$D$1684,0))) | F18: =MAX(CountCalc!$D$1586:$D$1684) -> 0 | G18: =IF(MAX(Calc!$F$482:$F$511)=0,"",INDEX(Calc!$E$482:$E$511,MATCH(MAX(Calc!$F$482:$F$511),Calc!$F$482:$F$511,0))) | H18: =MAX(Calc!$F$482:$F$511) -> 0 | I18: =IF(H18=0,"",INDEX(Calc!$C$482:$C$511,MATCH(H18,Calc!$F$482:$F$511,0)))
A19: 18 | B19: SONOMA | C19: =IF(MAX(WeeklyPicks!$M$172:$M$181)=0,"",INDEX(WeeklyPicks!$C$172:$C$181,MATCH(MAX(WeeklyPicks!$M$172:$M$181),WeeklyPicks!$M$172:$M$181,0))) | D19: =MAX(WeeklyPicks!$M$172:$M$181) -> 0 | E19: =IF(MAX(CountCalc!$D$1685:$D$1783)=0,"",INDEX(CountCalc!$C$1685:$C$1783,MATCH(MAX(CountCalc!$D$1685:$D$1783),CountCalc!$D$1685:$D$1783,0))) | F19: =MAX(CountCalc!$D$1685:$D$1783) -> 0 | G19: =IF(MAX(Calc!$F$512:$F$541)=0,"",INDEX(Calc!$E$512:$E$541,MATCH(MAX(Calc!$F$512:$F$541),Calc!$F$512:$F$541,0))) | H19: =MAX(Calc!$F$512:$F$541) -> 0 | I19: =IF(H19=0,"",INDEX(Calc!$C$512:$C$541,MATCH(H19,Calc!$F$512:$F$541,0)))
A20: 19 | B20: CHICAGOLAND | C20: =IF(MAX(WeeklyPicks!$M$182:$M$191)=0,"",INDEX(WeeklyPicks!$C$182:$C$191,MATCH(MAX(WeeklyPicks!$M$182:$M$191),WeeklyPicks!$M$182:$M$191,0))) | D20: =MAX(WeeklyPicks!$M$182:$M$191) -> 0 | E20: =IF(MAX(CountCalc!$D$1784:$D$1882)=0,"",INDEX(CountCalc!$C$1784:$C$1882,MATCH(MAX(CountCalc!$D$1784:$D$1882),CountCalc!$D$1784:$D$1882,0))) | F20: =MAX(CountCalc!$D$1784:$D$1882) -> 0 | G20: =IF(MAX(Calc!$F$542:$F$571)=0,"",INDEX(Calc!$E$542:$E$571,MATCH(MAX(Calc!$F$542:$F$571),Calc!$F$542:$F$571,0))) | H20: =MAX(Calc!$F$542:$F$571) -> 0 | I20: =IF(H20=0,"",INDEX(Calc!$C$542:$C$571,MATCH(H20,Calc!$F$542:$F$571,0)))
A21: 20 | B21: ECHOPARK (ATLANTA) | C21: =IF(MAX(WeeklyPicks!$M$192:$M$201)=0,"",INDEX(WeeklyPicks!$C$192:$C$201,MATCH(MAX(WeeklyPicks!$M$192:$M$201),WeeklyPicks!$M$192:$M$201,0))) | D21: =MAX(WeeklyPicks!$M$192:$M$201) -> 0 | E21: =IF(MAX(CountCalc!$D$1883:$D$1981)=0,"",INDEX(CountCalc!$C$1883:$C$1981,MATCH(MAX(CountCalc!$D$1883:$D$1981),CountCalc!$D$1883:$D$1981,0))) | F21: =MAX(CountCalc!$D$1883:$D$1981) -> 0 | G21: =IF(MAX(Calc!$F$572:$F$601)=0,"",INDEX(Calc!$E$572:$E$601,MATCH(MAX(Calc!$F$572:$F$601),Calc!$F$572:$F$601,0))) | H21: =MAX(Calc!$F$572:$F$601) -> 0 | I21: =IF(H21=0,"",INDEX(Calc!$C$572:$C$601,MATCH(H21,Calc!$F$572:$F$601,0)))
A22: 21 | B22: NORTH WILKESBORO | C22: =IF(MAX(WeeklyPicks!$M$202:$M$211)=0,"",INDEX(WeeklyPicks!$C$202:$C$211,MATCH(MAX(WeeklyPicks!$M$202:$M$211),WeeklyPicks!$M$202:$M$211,0))) | D22: =MAX(WeeklyPicks!$M$202:$M$211) -> 0 | E22: =IF(MAX(CountCalc!$D$1982:$D$2080)=0,"",INDEX(CountCalc!$C$1982:$C$2080,MATCH(MAX(CountCalc!$D$1982:$D$2080),CountCalc!$D$1982:$D$2080,0))) | F22: =MAX(CountCalc!$D$1982:$D$2080) -> 0 | G22: =IF(MAX(Calc!$F$602:$F$631)=0,"",INDEX(Calc!$E$602:$E$631,MATCH(MAX(Calc!$F$602:$F$631),Calc!$F$602:$F$631,0))) | H22: =MAX(Calc!$F$602:$F$631) -> 0 | I22: =IF(H22=0,"",INDEX(Calc!$C$602:$C$631,MATCH(H22,Calc!$F$602:$F$631,0)))
A23: 22 | B23: INDIANAPOLIS | C23: =IF(MAX(WeeklyPicks!$M$212:$M$221)=0,"",INDEX(WeeklyPicks!$C$212:$C$221,MATCH(MAX(WeeklyPicks!$M$212:$M$221),WeeklyPicks!$M$212:$M$221,0))) | D23: =MAX(WeeklyPicks!$M$212:$M$221) -> 0 | E23: =IF(MAX(CountCalc!$D$2081:$D$2179)=0,"",INDEX(CountCalc!$C$2081:$C$2179,MATCH(MAX(CountCalc!$D$2081:$D$2179),CountCalc!$D$2081:$D$2179,0))) | F23: =MAX(CountCalc!$D$2081:$D$2179) -> 0 | G23: =IF(MAX(Calc!$F$632:$F$661)=0,"",INDEX(Calc!$E$632:$E$661,MATCH(MAX(Calc!$F$632:$F$661),Calc!$F$632:$F$661,0))) | H23: =MAX(Calc!$F$632:$F$661) -> 0 | I23: =IF(H23=0,"",INDEX(Calc!$C$632:$C$661,MATCH(H23,Calc!$F$632:$F$661,0)))
A24: 23 | B24: IOWA | C24: =IF(MAX(WeeklyPicks!$M$222:$M$231)=0,"",INDEX(WeeklyPicks!$C$222:$C$231,MATCH(MAX(WeeklyPicks!$M$222:$M$231),WeeklyPicks!$M$222:$M$231,0))) | D24: =MAX(WeeklyPicks!$M$222:$M$231) -> 0 | E24: =IF(MAX(CountCalc!$D$2180:$D$2278)=0,"",INDEX(CountCalc!$C$2180:$C$2278,MATCH(MAX(CountCalc!$D$2180:$D$2278),CountCalc!$D$2180:$D$2278,0))) | F24: =MAX(CountCalc!$D$2180:$D$2278) -> 0 | G24: =IF(MAX(Calc!$F$662:$F$691)=0,"",INDEX(Calc!$E$662:$E$691,MATCH(MAX(Calc!$F$662:$F$691),Calc!$F$662:$F$691,0))) | H24: =MAX(Calc!$F$662:$F$691) -> 0 | I24: =IF(H24=0,"",INDEX(Calc!$C$662:$C$691,MATCH(H24,Calc!$F$662:$F$691,0)))
A25: 24 | B25: RICHMOND | C25: =IF(MAX(WeeklyPicks!$M$232:$M$241)=0,"",INDEX(WeeklyPicks!$C$232:$C$241,MATCH(MAX(WeeklyPicks!$M$232:$M$241),WeeklyPicks!$M$232:$M$241,0))) | D25: =MAX(WeeklyPicks!$M$232:$M$241) -> 0 | E25: =IF(MAX(CountCalc!$D$2279:$D$2377)=0,"",INDEX(CountCalc!$C$2279:$C$2377,MATCH(MAX(CountCalc!$D$2279:$D$2377),CountCalc!$D$2279:$D$2377,0))) | F25: =MAX(CountCalc!$D$2279:$D$2377) -> 0 | G25: =IF(MAX(Calc!$F$692:$F$721)=0,"",INDEX(Calc!$E$692:$E$721,MATCH(MAX(Calc!$F$692:$F$721),Calc!$F$692:$F$721,0))) | H25: =MAX(Calc!$F$692:$F$721) -> 0 | I25: =IF(H25=0,"",INDEX(Calc!$C$692:$C$721,MATCH(H25,Calc!$F$692:$F$721,0)))
A26: 25 | B26: NEW HAMPSHIRE | C26: =IF(MAX(WeeklyPicks!$M$242:$M$251)=0,"",INDEX(WeeklyPicks!$C$242:$C$251,MATCH(MAX(WeeklyPicks!$M$242:$M$251),WeeklyPicks!$M$242:$M$251,0))) | D26: =MAX(WeeklyPicks!$M$242:$M$251) -> 0 | E26: =IF(MAX(CountCalc!$D$2378:$D$2476)=0,"",INDEX(CountCalc!$C$2378:$C$2476,MATCH(MAX(CountCalc!$D$2378:$D$2476),CountCalc!$D$2378:$D$2476,0))) | F26: =MAX(CountCalc!$D$2378:$D$2476) -> 0 | G26: =IF(MAX(Calc!$F$722:$F$751)=0,"",INDEX(Calc!$E$722:$E$751,MATCH(MAX(Calc!$F$722:$F$751),Calc!$F$722:$F$751,0))) | H26: =MAX(Calc!$F$722:$F$751) -> 0 | I26: =IF(H26=0,"",INDEX(Calc!$C$722:$C$751,MATCH(H26,Calc!$F$722:$F$751,0)))
A27: 26 | B27: DAYTONA | C27: =IF(MAX(WeeklyPicks!$M$252:$M$261)=0,"",INDEX(WeeklyPicks!$C$252:$C$261,MATCH(MAX(WeeklyPicks!$M$252:$M$261),WeeklyPicks!$M$252:$M$261,0))) | D27: =MAX(WeeklyPicks!$M$252:$M$261) -> 0 | E27: =IF(MAX(CountCalc!$D$2477:$D$2575)=0,"",INDEX(CountCalc!$C$2477:$C$2575,MATCH(MAX(CountCalc!$D$2477:$D$2575),CountCalc!$D$2477:$D$2575,0))) | F27: =MAX(CountCalc!$D$2477:$D$2575) -> 0 | G27: =IF(MAX(Calc!$F$752:$F$781)=0,"",INDEX(Calc!$E$752:$E$781,MATCH(MAX(Calc!$F$752:$F$781),Calc!$F$752:$F$781,0))) | H27: =MAX(Calc!$F$752:$F$781) -> 0 | I27: =IF(H27=0,"",INDEX(Calc!$C$752:$C$781,MATCH(H27,Calc!$F$752:$F$781,0)))
A28: 27 | B28: DARLINGTON | C28: =IF(MAX(WeeklyPicks!$M$262:$M$271)=0,"",INDEX(WeeklyPicks!$C$262:$C$271,MATCH(MAX(WeeklyPicks!$M$262:$M$271),WeeklyPicks!$M$262:$M$271,0))) | D28: =MAX(WeeklyPicks!$M$262:$M$271) -> 0 | E28: =IF(MAX(CountCalc!$D$2576:$D$2674)=0,"",INDEX(CountCalc!$C$2576:$C$2674,MATCH(MAX(CountCalc!$D$2576:$D$2674),CountCalc!$D$2576:$D$2674,0))) | F28: =MAX(CountCalc!$D$2576:$D$2674) -> 0 | G28: =IF(MAX(Calc!$F$782:$F$811)=0,"",INDEX(Calc!$E$782:$E$811,MATCH(MAX(Calc!$F$782:$F$811),Calc!$F$782:$F$811,0))) | H28: =MAX(Calc!$F$782:$F$811) -> 0 | I28: =IF(H28=0,"",INDEX(Calc!$C$782:$C$811,MATCH(H28,Calc!$F$782:$F$811,0)))
A29: 28 | B29: WWTR (ST. LOUIS) | C29: =IF(MAX(WeeklyPicks!$M$272:$M$281)=0,"",INDEX(WeeklyPicks!$C$272:$C$281,MATCH(MAX(WeeklyPicks!$M$272:$M$281),WeeklyPicks!$M$272:$M$281,0))) | D29: =MAX(WeeklyPicks!$M$272:$M$281) -> 0 | E29: =IF(MAX(CountCalc!$D$2675:$D$2773)=0,"",INDEX(CountCalc!$C$2675:$C$2773,MATCH(MAX(CountCalc!$D$2675:$D$2773),CountCalc!$D$2675:$D$2773,0))) | F29: =MAX(CountCalc!$D$2675:$D$2773) -> 0 | G29: =IF(MAX(Calc!$F$812:$F$841)=0,"",INDEX(Calc!$E$812:$E$841,MATCH(MAX(Calc!$F$812:$F$841),Calc!$F$812:$F$841,0))) | H29: =MAX(Calc!$F$812:$F$841) -> 0 | I29: =IF(H29=0,"",INDEX(Calc!$C$812:$C$841,MATCH(H29,Calc!$F$812:$F$841,0)))
A30: 29 | B30: BRISTOL | C30: =IF(MAX(WeeklyPicks!$M$282:$M$291)=0,"",INDEX(WeeklyPicks!$C$282:$C$291,MATCH(MAX(WeeklyPicks!$M$282:$M$291),WeeklyPicks!$M$282:$M$291,0))) | D30: =MAX(WeeklyPicks!$M$282:$M$291) -> 0 | E30: =IF(MAX(CountCalc!$D$2774:$D$2872)=0,"",INDEX(CountCalc!$C$2774:$C$2872,MATCH(MAX(CountCalc!$D$2774:$D$2872),CountCalc!$D$2774:$D$2872,0))) | F30: =MAX(CountCalc!$D$2774:$D$2872) -> 0 | G30: =IF(MAX(Calc!$F$842:$F$871)=0,"",INDEX(Calc!$E$842:$E$871,MATCH(MAX(Calc!$F$842:$F$871),Calc!$F$842:$F$871,0))) | H30: =MAX(Calc!$F$842:$F$871) -> 0 | I30: =IF(H30=0,"",INDEX(Calc!$C$842:$C$871,MATCH(H30,Calc!$F$842:$F$871,0)))
A31: 30 | B31: KANSAS | C31: =IF(MAX(WeeklyPicks!$M$292:$M$301)=0,"",INDEX(WeeklyPicks!$C$292:$C$301,MATCH(MAX(WeeklyPicks!$M$292:$M$301),WeeklyPicks!$M$292:$M$301,0))) | D31: =MAX(WeeklyPicks!$M$292:$M$301) -> 0 | E31: =IF(MAX(CountCalc!$D$2873:$D$2971)=0,"",INDEX(CountCalc!$C$2873:$C$2971,MATCH(MAX(CountCalc!$D$2873:$D$2971),CountCalc!$D$2873:$D$2971,0))) | F31: =MAX(CountCalc!$D$2873:$D$2971) -> 0 | G31: =IF(MAX(Calc!$F$872:$F$901)=0,"",INDEX(Calc!$E$872:$E$901,MATCH(MAX(Calc!$F$872:$F$901),Calc!$F$872:$F$901,0))) | H31: =MAX(Calc!$F$872:$F$901) -> 0 | I31: =IF(H31=0,"",INDEX(Calc!$C$872:$C$901,MATCH(H31,Calc!$F$872:$F$901,0)))
A32: 31 | B32: LAS VEGAS | C32: =IF(MAX(WeeklyPicks!$M$302:$M$311)=0,"",INDEX(WeeklyPicks!$C$302:$C$311,MATCH(MAX(WeeklyPicks!$M$302:$M$311),WeeklyPicks!$M$302:$M$311,0))) | D32: =MAX(WeeklyPicks!$M$302:$M$311) -> 0 | E32: =IF(MAX(CountCalc!$D$2972:$D$3070)=0,"",INDEX(CountCalc!$C$2972:$C$3070,MATCH(MAX(CountCalc!$D$2972:$D$3070),CountCalc!$D$2972:$D$3070,0))) | F32: =MAX(CountCalc!$D$2972:$D$3070) -> 0 | G32: =IF(MAX(Calc!$F$902:$F$931)=0,"",INDEX(Calc!$E$902:$E$931,MATCH(MAX(Calc!$F$902:$F$931),Calc!$F$902:$F$931,0))) | H32: =MAX(Calc!$F$902:$F$931) -> 0 | I32: =IF(H32=0,"",INDEX(Calc!$C$902:$C$931,MATCH(H32,Calc!$F$902:$F$931,0)))
A33: 32 | B33: CHARLOTTE | C33: =IF(MAX(WeeklyPicks!$M$312:$M$321)=0,"",INDEX(WeeklyPicks!$C$312:$C$321,MATCH(MAX(WeeklyPicks!$M$312:$M$321),WeeklyPicks!$M$312:$M$321,0))) | D33: =MAX(WeeklyPicks!$M$312:$M$321) -> 0 | E33: =IF(MAX(CountCalc!$D$3071:$D$3169)=0,"",INDEX(CountCalc!$C$3071:$C$3169,MATCH(MAX(CountCalc!$D$3071:$D$3169),CountCalc!$D$3071:$D$3169,0))) | F33: =MAX(CountCalc!$D$3071:$D$3169) -> 0 | G33: =IF(MAX(Calc!$F$932:$F$961)=0,"",INDEX(Calc!$E$932:$E$961,MATCH(MAX(Calc!$F$932:$F$961),Calc!$F$932:$F$961,0))) | H33: =MAX(Calc!$F$932:$F$961) -> 0 | I33: =IF(H33=0,"",INDEX(Calc!$C$932:$C$961,MATCH(H33,Calc!$F$932:$F$961,0)))
A34: 33 | B34: PHOENIX | C34: =IF(MAX(WeeklyPicks!$M$322:$M$331)=0,"",INDEX(WeeklyPicks!$C$322:$C$331,MATCH(MAX(WeeklyPicks!$M$322:$M$331),WeeklyPicks!$M$322:$M$331,0))) | D34: =MAX(WeeklyPicks!$M$322:$M$331) -> 0 | E34: =IF(MAX(CountCalc!$D$3170:$D$3268)=0,"",INDEX(CountCalc!$C$3170:$C$3268,MATCH(MAX(CountCalc!$D$3170:$D$3268),CountCalc!$D$3170:$D$3268,0))) | F34: =MAX(CountCalc!$D$3170:$D$3268) -> 0 | G34: =IF(MAX(Calc!$F$962:$F$991)=0,"",INDEX(Calc!$E$962:$E$991,MATCH(MAX(Calc!$F$962:$F$991),Calc!$F$962:$F$991,0))) | H34: =MAX(Calc!$F$962:$F$991) -> 0 | I34: =IF(H34=0,"",INDEX(Calc!$C$962:$C$991,MATCH(H34,Calc!$F$962:$F$991,0)))
A35: 34 | B35: TALLADEGA | C35: =IF(MAX(WeeklyPicks!$M$332:$M$341)=0,"",INDEX(WeeklyPicks!$C$332:$C$341,MATCH(MAX(WeeklyPicks!$M$332:$M$341),WeeklyPicks!$M$332:$M$341,0))) | D35: =MAX(WeeklyPicks!$M$332:$M$341) -> 0 | E35: =IF(MAX(CountCalc!$D$3269:$D$3367)=0,"",INDEX(CountCalc!$C$3269:$C$3367,MATCH(MAX(CountCalc!$D$3269:$D$3367),CountCalc!$D$3269:$D$3367,0))) | F35: =MAX(CountCalc!$D$3269:$D$3367) -> 0 | G35: =IF(MAX(Calc!$F$992:$F$1021)=0,"",INDEX(Calc!$E$992:$E$1021,MATCH(MAX(Calc!$F$992:$F$1021),Calc!$F$992:$F$1021,0))) | H35: =MAX(Calc!$F$992:$F$1021) -> 0 | I35: =IF(H35=0,"",INDEX(Calc!$C$992:$C$1021,MATCH(H35,Calc!$F$992:$F$1021,0)))
A36: 35 | B36: MARTINSVILLE | C36: =IF(MAX(WeeklyPicks!$M$342:$M$351)=0,"",INDEX(WeeklyPicks!$C$342:$C$351,MATCH(MAX(WeeklyPicks!$M$342:$M$351),WeeklyPicks!$M$342:$M$351,0))) | D36: =MAX(WeeklyPicks!$M$342:$M$351) -> 0 | E36: =IF(MAX(CountCalc!$D$3368:$D$3466)=0,"",INDEX(CountCalc!$C$3368:$C$3466,MATCH(MAX(CountCalc!$D$3368:$D$3466),CountCalc!$D$3368:$D$3466,0))) | F36: =MAX(CountCalc!$D$3368:$D$3466) -> 0 | G36: =IF(MAX(Calc!$F$1022:$F$1051)=0,"",INDEX(Calc!$E$1022:$E$1051,MATCH(MAX(Calc!$F$1022:$F$1051),Calc!$F$1022:$F$1051,0))) | H36: =MAX(Calc!$F$1022:$F$1051) -> 0 | I36: =IF(H36=0,"",INDEX(Calc!$C$1022:$C$1051,MATCH(H36,Calc!$F$1022:$F$1051,0)))
A37: 36 | B37: HOMESTEAD-MIAMI | C37: =IF(MAX(WeeklyPicks!$M$352:$M$361)=0,"",INDEX(WeeklyPicks!$C$352:$C$361,MATCH(MAX(WeeklyPicks!$M$352:$M$361),WeeklyPicks!$M$352:$M$361,0))) | D37: =MAX(WeeklyPicks!$M$352:$M$361) -> 0 | E37: =IF(MAX(CountCalc!$D$3467:$D$3565)=0,"",INDEX(CountCalc!$C$3467:$C$3565,MATCH(MAX(CountCalc!$D$3467:$D$3565),CountCalc!$D$3467:$D$3565,0))) | F37: =MAX(CountCalc!$D$3467:$D$3565) -> 0 | G37: =IF(MAX(Calc!$F$1052:$F$1081)=0,"",INDEX(Calc!$E$1052:$E$1081,MATCH(MAX(Calc!$F$1052:$F$1081),Calc!$F$1052:$F$1081,0))) | H37: =MAX(Calc!$F$1052:$F$1081) -> 0 | I37: =IF(H37=0,"",INDEX(Calc!$C$1052:$C$1081,MATCH(H37,Calc!$F$1052:$F$1081,0)))

Sheet RaceResults
A1: Race # | B1: Race | C1: Finish | D1: Car # | E1: Finish Pts
A2: 1 | B2: DAYTONA 500 | C2: 1 | D2: 45 | E2: =IF(C2="","",VLOOKUP(C2,PointsSystem!$A$2:$B$41,2,FALSE())) -> 55
A3: 1 | B3: DAYTONA 500 | C3: 2 | D3: 47 | E3: =IF(C3="","",VLOOKUP(C3,PointsSystem!$A$2:$B$41,2,FALSE())) -> 35
A4: 1 | B4: DAYTONA 500 | C4: 3 | D4: 22 | E4: =IF(C4="","",VLOOKUP(C4,PointsSystem!$A$2:$B$41,2,FALSE())) -> 34
A5: 1 | B5: DAYTONA 500 | C5: 4 | D5: 9 | E5: =IF(C5="","",VLOOKUP(C5,PointsSystem!$A$2:$B$41,2,FALSE())) -> 33
A6: 1 | B6: DAYTONA 500 | C6: 5 | D6: 6 | E6: =IF(C6="","",VLOOKUP(C6,PointsSystem!$A$2:$B$41,2,FALSE())) -> 32
A7: 1 | B7: DAYTONA 500 | C7: 6 | D7: 38 | E7: =IF(C7="","",VLOOKUP(C7,PointsSystem!$A$2:$B$41,2,FALSE())) -> 31
A8: 1 | B8: DAYTONA 500 | C8: 7 | D8: 17 | E8: =IF(C8="","",VLOOKUP(C8,PointsSystem!$A$2:$B$41,2,FALSE())) -> 30
A9: 1 | B9: DAYTONA 500 | C9: 8 | D9: 35 | E9: =IF(C9="","",VLOOKUP(C9,PointsSystem!$A$2:$B$41,2,FALSE())) -> 29
A10: 1 | B10: DAYTONA 500 | C10: 9 | D10: 21 | E10: =IF(C10="","",VLOOKUP(C10,PointsSystem!$A$2:$B$41,2,FALSE())) -> 28
A11: 1 | B11: DAYTONA 500 | C11: 10 | D11: 23 | E11: =IF(C11="","",VLOOKUP(C11,PointsSystem!$A$2:$B$41,2,FALSE())) -> 27
A12: 1 | B12: DAYTONA 500 | C12: 11 | D12: 4 | E12: =IF(C12="","",VLOOKUP(C12,PointsSystem!$A$2:$B$41,2,FALSE())) -> 26
A13: 1 | B13: DAYTONA 500 | C13: 12 | D13: 24 | E13: =IF(C13="","",VLOOKUP(C13,PointsSystem!$A$2:$B$41,2,FALSE())) -> 25
... A41: 1 | B41: DAYTONA 500 | C41: 40 | D41: 48 | E41: =IF(C41="","",VLOOKUP(C41,PointsSystem!$A$2:$B$41,2,FALSE())) -> 1
A42: 1 | B42: DAYTONA 500 | C42: 41 | D42: 78 | E42: 1
A43: 2 | B43: ECHOPARK (ATLANTA) | C43: 1 | D43: 45 | E43: =IF(C43="","",VLOOKUP(C43,PointsSystem!$A$2:$B$41,2,FALSE())) -> 55
A44: 2 | B44: ECHOPARK (ATLANTA) | C44: 2 | D44: 19 | E44: =IF(C44="","",VLOOKUP(C44,PointsSystem!$A$2:$B$41,2,FALSE())) -> 35
A45: 2 | B45: ECHOPARK (ATLANTA) | C45: 3 | D45: 1 | E45: =IF(C45="","",VLOOKUP(C45,PointsSystem!$A$2:$B$41,2,FALSE())) -> 34
A46: 2 | B46: ECHOPARK (ATLANTA) | C46: 4 | D46: 77 | E46: =IF(C46="","",VLOOKUP(C46,PointsSystem!$A$2:$B$41,2,FALSE())) -> 33
A47: 2 | B47: ECHOPARK (ATLANTA) | C47: 5 | D47: 7 | E47: =IF(C47="","",VLOOKUP(C47,PointsSystem!$A$2:$B$41,2,FALSE())) -> 32
A48: 2 | B48: ECHOPARK (ATLANTA) | C48: 6 | D48: 97 | E48: =IF(C48="","",VLOOKUP(C48,PointsSystem!$A$2:$B$41,2,FALSE())) -> 31
A49: 2 | B49: ECHOPARK (ATLANTA) | C49: 7 | D49: 38 | E49: =IF(C49="","",VLOOKUP(C49,PointsSystem!$A$2:$B$41,2,FALSE())) -> 30
A50: 2 | B50: ECHOPARK (ATLANTA) | C50: 8 | D50: 23 | E50: =IF(C50="","",VLOOKUP(C50,PointsSystem!$A$2:$B$41,2,FALSE())) -> 29
A51: 2 | B51: ECHOPARK (ATLANTA) | C51: 9 | D51: 60 | E51: =IF(C51="","",VLOOKUP(C51,PointsSystem!$A$2:$B$41,2,FALSE())) -> 28
A52: 2 | B52: ECHOPARK (ATLANTA) | C52: 10 | D52: 12 | E52: =IF(C52="","",VLOOKUP(C52,PointsSystem!$A$2:$B$41,2,FALSE())) -> 27
A53: 2 | B53: ECHOPARK (ATLANTA) | C53: 11 | D53: 9 | E53: =IF(C53="","",VLOOKUP(C53,PointsSystem!$A$2:$B$41,2,FALSE())) -> 26
A54: 2 | B54: ECHOPARK (ATLANTA) | C54: 12 | D54: 16 | E54: =IF(C54="","",VLOOKUP(C54,PointsSystem!$A$2:$B$41,2,FALSE())) -> 25
... A78: 2 | B78: ECHOPARK (ATLANTA) | C78: 36 | D78: 47 | E78: =IF(C78="","",VLOOKUP(C78,PointsSystem!$A$2:$B$41,2,FALSE())) -> 1
A79: 2 | B79: ECHOPARK (ATLANTA) | C79: 37 | D79: 54 | E79: 1
A80: 2 | B80: ECHOPARK (ATLANTA) | C80: 38 | D80: 21 | E80: =IF(C80="","",VLOOKUP(C80,PointsSystem!$A$2:$B$41,2,FALSE())) -> 1
A81: 2 | B81: ECHOPARK (ATLANTA) | C81: 39 | E81: =IF(C81="","",VLOOKUP(C81,PointsSystem!$A$2:$B$41,2,FALSE())) -> 1
A82: 2 | B82: ECHOPARK (ATLANTA) | C82: 40 | E82: =IF(C82="","",VLOOKUP(C82,PointsSystem!$A$2:$B$41,2,FALSE())) -> 1
A83: 3 | B83: COTA (AUSTIN) | C83: 1 | D83: 45 | E83: =IF(C83="","",VLOOKUP(C83,PointsSystem!$A$2:$B$41,2,FALSE())) -> 55
A84: 3 | B84: COTA (AUSTIN) | C84: 2 | D84: 97 | E84: =IF(C84="","",VLOOKUP(C84,PointsSystem!$A$2:$B$41,2,FALSE())) -> 35
A85: 3 | B85: COTA (AUSTIN) | C85: 3 | D85: 20 | E85: =IF(C85="","",VLOOKUP(C85,PointsSystem!$A$2:$B$41,2,FALSE())) -> 34
A86: 3 | B86: COTA (AUSTIN) | C86: 4 | D86: 54 | E86: =IF(C86="","",VLOOKUP(C86,PointsSystem!$A$2:$B$41,2,FALSE())) -> 33
A87: 3 | B87: COTA (AUSTIN) | C87: 5 | D87: 71 | E87: =IF(C87="","",VLOOKUP(C87,PointsSystem!$A$2:$B$41,2,FALSE())) -> 32
A88: 3 | B88: COTA (AUSTIN) | C88: 6 | D88: 5 | E88: =IF(C88="","",VLOOKUP(C88,PointsSystem!$A$2:$B$41,2,FALSE())) -> 31
A89: 3 | B89: COTA (AUSTIN) | C89: 7 | D89: 9 | E89: =IF(C89="","",VLOOKUP(C89,PointsSystem!$A$2:$B$41,2,FALSE())) -> 30
A90: 3 | B90: COTA (AUSTIN) | C90: 8 | D90: 12 | E90: =IF(C90="","",VLOOKUP(C90,PointsSystem!$A$2:$B$41,2,FALSE())) -> 29
A91: 3 | B91: COTA (AUSTIN) | C91: 9 | D91: 16 | E91: =IF(C91="","",VLOOKUP(C91,PointsSystem!$A$2:$B$41,2,FALSE())) -> 28
A92: 3 | B92: COTA (AUSTIN) | C92: 10 | D92: 11 | E92: =IF(C92="","",VLOOKUP(C92,PointsSystem!$A$2:$B$41,2,FALSE())) -> 27
A93: 3 | B93: COTA (AUSTIN) | C93: 11 | D93: 23 | E93: =IF(C93="","",VLOOKUP(C93,PointsSystem!$A$2:$B$41,2,FALSE())) -> 26
A94: 3 | B94: COTA (AUSTIN) | C94: 12 | D94: 8 | E94: =IF(C94="","",VLOOKUP(C94,PointsSystem!$A$2:$B$41,2,FALSE())) -> 25
... A119: 3 | B119: COTA (AUSTIN) | C119: 37 | D119: 19 | E119: =IF(C119="","",VLOOKUP(C119,PointsSystem!$A$2:$B$41,2,FALSE())) -> 1
A120: 3 | B120: COTA (AUSTIN) | C120: 38 | E120: =IF(C120="","",VLOOKUP(C120,PointsSystem!$A$2:$B$41,2,FALSE())) -> 1
A121: 3 | B121: COTA (AUSTIN) | C121: 39 | E121: =IF(C121="","",VLOOKUP(C121,PointsSystem!$A$2:$B$41,2,FALSE())) -> 1
A122: 3 | B122: COTA (AUSTIN) | C122: 40 | E122: =IF(C122="","",VLOOKUP(C122,PointsSystem!$A$2:$B$41,2,FALSE())) -> 1
A123: 4 | B123: PHOENIX | C123: 1 | D123: 12 | E123: =IF(C123="","",VLOOKUP(C123,PointsSystem!$A$2:$B$41,2,FALSE())) -> 55
A124: 4 | B124: PHOENIX | C124: 2 | D124: 20 | E124: =IF(C124="","",VLOOKUP(C124,PointsSystem!$A$2:$B$41,2,FALSE())) -> 35
A125: 4 | B125: PHOENIX | C125: 3 | D125: 5 | E125: =IF(C125="","",VLOOKUP(C125,PointsSystem!$A$2:$B$41,2,FALSE())) -> 34
A126: 4 | B126: PHOENIX | C126: 4 | D126: 54 | E126: =IF(C126="","",VLOOKUP(C126,PointsSystem!$A$2:$B$41,2,FALSE())) -> 33
A127: 4 | B127: PHOENIX | C127: 5 | D127: 11 | E127: =IF(C127="","",VLOOKUP(C127,PointsSystem!$A$2:$B$41,2,FALSE())) -> 32
A128: 4 | B128: PHOENIX | C128: 6 | D128: 23 | E128: =IF(C128="","",VLOOKUP(C128,PointsSystem!$A$2:$B$41,2,FALSE())) -> 31
A129: 4 | B129: PHOENIX | C129: 7 | D129: 24 | E129: =IF(C129="","",VLOOKUP(C129,PointsSystem!$A$2:$B$41,2,FALSE())) -> 30
A130: 4 | B130: PHOENIX | C130: 8 | D130: 45 | E130: =IF(C130="","",VLOOKUP(C130,PointsSystem!$A$2:$B$41,2,FALSE())) -> 29
A131: 4 | B131: PHOENIX | C131: 9 | D131: 71 | E131: =IF(C131="","",VLOOKUP(C131,PointsSystem!$A$2:$B$41,2,FALSE())) -> 28
A132: 4 | B132: PHOENIX | C132: 10 | D132: 43 | E132: =IF(C132="","",VLOOKUP(C132,PointsSystem!$A$2:$B$41,2,FALSE())) -> 27
A133: 4 | B133: PHOENIX | C133: 11 | D133: 97 | E133: =IF(C133="","",VLOOKUP(C133,PointsSystem!$A$2:$B$41,2,FALSE())) -> 26
A134: 4 | B134: PHOENIX | C134: 12 | D134: 34 | E134: =IF(C134="","",VLOOKUP(C134,PointsSystem!$A$2:$B$41,2,FALSE())) -> 25
... A159: 4 | B159: PHOENIX | C159: 37 | D159: 19 | E159: =IF(C159="","",VLOOKUP(C159,PointsSystem!$A$2:$B$41,2,FALSE())) -> 1
A160: 4 | B160: PHOENIX | C160: 38 | E160: =IF(C160="","",VLOOKUP(C160,PointsSystem!$A$2:$B$41,2,FALSE())) -> 1
A161: 4 | B161: PHOENIX | C161: 39 | E161: =IF(C161="","",VLOOKUP(C161,PointsSystem!$A$2:$B$41,2,FALSE())) -> 1
A162: 4 | B162: PHOENIX | C162: 40 | E162: =IF(C162="","",VLOOKUP(C162,PointsSystem!$A$2:$B$41,2,FALSE())) -> 1
A163: 5 | B163: LAS VEGAS | C163: 1 | D163: 11 | E163: =IF(C163="","",VLOOKUP(C163,PointsSystem!$A$2:$B$41,2,FALSE())) -> 55
A164: 5 | B164: LAS VEGAS | C164: 2 | D164: 9 | E164: =IF(C164="","",VLOOKUP(C164,PointsSystem!$A$2:$B$41,2,FALSE())) -> 35
A165: 5 | B165: LAS VEGAS | C165: 3 | D165: 24 | E165: =IF(C165="","",VLOOKUP(C165,PointsSystem!$A$2:$B$41,2,FALSE())) -> 34
A166: 5 | B166: LAS VEGAS | C166: 4 | D166: 20 | E166: =IF(C166="","",VLOOKUP(C166,PointsSystem!$A$2:$B$41,2,FALSE())) -> 33
A167: 5 | B167: LAS VEGAS | C167: 5 | D167: 54 | E167: =IF(C167="","",VLOOKUP(C167,PointsSystem!$A$2:$B$41,2,FALSE())) -> 32
A168: 5 | B168: LAS VEGAS | C168: 6 | D168: 17 | E168: =IF(C168="","",VLOOKUP(C168,PointsSystem!$A$2:$B$41,2,FALSE())) -> 31
A169: 5 | B169: LAS VEGAS | C169: 7 | D169: 5 | E169: =IF(C169="","",VLOOKUP(C169,PointsSystem!$A$2:$B$41,2,FALSE())) -> 30
A170: 5 | B170: LAS VEGAS | C170: 8 | D170: 19 | E170: =IF(C170="","",VLOOKUP(C170,PointsSystem!$A$2:$B$41,2,FALSE())) -> 29
A171: 5 | B171: LAS VEGAS | C171: 9 | D171: 23 | E171: =IF(C171="","",VLOOKUP(C171,PointsSystem!$A$2:$B$41,2,FALSE())) -> 28
A172: 5 | B172: LAS VEGAS | C172: 10 | D172: 6 | E172: =IF(C172="","",VLOOKUP(C172,PointsSystem!$A$2:$B$41,2,FALSE())) -> 27
A173: 5 | B173: LAS VEGAS | C173: 11 | D173: 60 | E173: =IF(C173="","",VLOOKUP(C173,PointsSystem!$A$2:$B$41,2,FALSE())) -> 26
A174: 5 | B174: LAS VEGAS | C174: 12 | D174: 3 | E174: =IF(C174="","",VLOOKUP(C174,PointsSystem!$A$2:$B$41,2,FALSE())) -> 25
... A198: 5 | B198: LAS VEGAS | C198: 36 | D198: 97 | E198: =IF(C198="","",VLOOKUP(C198,PointsSystem!$A$2:$B$41,2,FALSE())) -> 1
A199: 5 | B199: LAS VEGAS | C199: 37 | E199: =IF(C199="","",VLOOKUP(C199,PointsSystem!$A$2:$B$41,2,FALSE())) -> 1
A200: 5 | B200: LAS VEGAS | C200: 38 | E200: =IF(C200="","",VLOOKUP(C200,PointsSystem!$A$2:$B$41,2,FALSE())) -> 1
A201: 5 | B201: LAS VEGAS | C201: 39 | E201: =IF(C201="","",VLOOKUP(C201,PointsSystem!$A$2:$B$41,2,FALSE())) -> 1
A202: 5 | B202: LAS VEGAS | C202: 40 | E202: =IF(C202="","",VLOOKUP(C202,PointsSystem!$A$2:$B$41,2,FALSE())) -> 1
A203: 6 | B203: DARLINGTON | C203: 1 | D203: 45 | E203: =IF(C203="","",VLOOKUP(C203,PointsSystem!$A$2:$B$41,2,FALSE())) -> 55
A204: 6 | B204: DARLINGTON | C204: 2 | D204: 6 | E204: =IF(C204="","",VLOOKUP(C204,PointsSystem!$A$2:$B$41,2,FALSE())) -> 35
A205: 6 | B205: DARLINGTON | C205: 3 | D205: 12 | E205: =IF(C205="","",VLOOKUP(C205,PointsSystem!$A$2:$B$41,2,FALSE())) -> 34
A206: 6 | B206: DARLINGTON | C206: 4 | D206: 77 | E206: =IF(C206="","",VLOOKUP(C206,PointsSystem!$A$2:$B$41,2,FALSE())) -> 33
A207: 6 | B207: DARLINGTON | C207: 5 | D207: 2 | E207: =IF(C207="","",VLOOKUP(C207,PointsSystem!$A$2:$B$41,2,FALSE())) -> 32
A208: 6 | B208: DARLINGTON | C208: 6 | D208: 54 | E208: =IF(C208="","",VLOOKUP(C208,PointsSystem!$A$2:$B$41,2,FALSE())) -> 31
A209: 6 | B209: DARLINGTON | C209: 7 | D209: 7 | E209: =IF(C209="","",VLOOKUP(C209,PointsSystem!$A$2:$B$41,2,FALSE())) -> 30
A210: 6 | B210: DARLINGTON | C210: 8 | D210: 24 | E210: =IF(C210="","",VLOOKUP(C210,PointsSystem!$A$2:$B$41,2,FALSE())) -> 29
A211: 6 | B211: DARLINGTON | C211: 9 | D211: 17 | E211: =IF(C211="","",VLOOKUP(C211,PointsSystem!$A$2:$B$41,2,FALSE())) -> 28
A212: 6 | B212: DARLINGTON | C212: 10 | D212: 43 | E212: =IF(C212="","",VLOOKUP(C212,PointsSystem!$A$2:$B$41,2,FALSE())) -> 27
A213: 6 | B213: DARLINGTON | C213: 11 | D213: 11 | E213: =IF(C213="","",VLOOKUP(C213,PointsSystem!$A$2:$B$41,2,FALSE())) -> 26
A214: 6 | B214: DARLINGTON | C214: 12 | D214: 19 | E214: =IF(C214="","",VLOOKUP(C214,PointsSystem!$A$2:$B$41,2,FALSE())) -> 25
... A239: 6 | B239: DARLINGTON | C239: 37 | D239: 66 | E239: =IF(C239="","",VLOOKUP(C239,PointsSystem!$A$2:$B$41,2,FALSE())) -> 1
A240: 6 | B240: DARLINGTON | C240: 38 | E240: =IF(C240="","",VLOOKUP(C240,PointsSystem!$A$2:$B$41,2,FALSE())) -> 1
A241: 6 | B241: DARLINGTON | C241: 39 | E241: =IF(C241="","",VLOOKUP(C241,PointsSystem!$A$2:$B$41,2,FALSE())) -> 1
A242: 6 | B242: DARLINGTON | C242: 40 | E242: =IF(C242="","",VLOOKUP(C242,PointsSystem!$A$2:$B$41,2,FALSE())) -> 1
A243: 7 | B243: MARTINSVILLE | C243: 1 | D243: 9 | E243: =IF(C243="","",VLOOKUP(C243,PointsSystem!$A$2:$B$41,2,FALSE())) -> 55
A244: 7 | B244: MARTINSVILLE | C244: 2 | D244: 11 | E244: =IF(C244="","",VLOOKUP(C244,PointsSystem!$A$2:$B$41,2,FALSE())) -> 35
A245: 7 | B245: MARTINSVILLE | C245: 3 | D245: 22 | E245: =IF(C245="","",VLOOKUP(C245,PointsSystem!$A$2:$B$41,2,FALSE())) -> 34
...

Sheet Calc
A1: Race # | B1: Race | C1: Player | D1: Pick Slot | E1: Car # | F1: Finish | G1: Points
A2: 1 | B2: DAYTONA 500 | C2: Pat | D2: 1 | E2: =WeeklyPicks!D2 -> 0 | F2: =IF(E2="","",SUMIFS(RaceResults!$C:$C,RaceResults!$A:$A,A2,RaceResults!$D:$D,E2)) -> 0 | G2: =IF(E2="","",SUMIFS(RaceResults!$E:$E,RaceResults!$A:$A,A2,RaceResults!$D:$D,E2)) -> 0
A3: 1 | B3: DAYTONA 500 | C3: Pat | D3: 2 | E3: =WeeklyPicks!E2 -> 0 | F3: =IF(E3="","",SUMIFS(RaceResults!$C:$C,RaceResults!$A:$A,A3,RaceResults!$D:$D,E3)) -> 0 | G3: =IF(E3="","",SUMIFS(RaceResults!$E:$E,RaceResults!$A:$A,A3,RaceResults!$D:$D,E3)) -> 0
A4: 1 | B4: DAYTONA 500 | C4: Pat | D4: 3 | E4: =WeeklyPicks!F2 -> 0 | F4: =IF(E4="","",SUMIFS(RaceResults!$C:$C,RaceResults!$A:$A,A4,RaceResults!$D:$D,E4)) -> 0 | G4: =IF(E4="","",SUMIFS(RaceResults!$E:$E,RaceResults!$A:$A,A4,RaceResults!$D:$D,E4)) -> 0
A5: 1 | B5: DAYTONA 500 | C5: Meg | D5: 1 | E5: =WeeklyPicks!D3 -> 0 | F5: =IF(E5="","",SUMIFS(RaceResults!$C:$C,RaceResults!$A:$A,A5,RaceResults!$D:$D,E5)) -> 0 | G5: =IF(E5="","",SUMIFS(RaceResults!$E:$E,RaceResults!$A:$A,A5,RaceResults!$D:$D,E5)) -> 0
A6: 1 | B6: DAYTONA 500 | C6: Meg | D6: 2 | E6: =WeeklyPicks!E3 -> 0 | F6: =IF(E6="","",SUMIFS(RaceResults!$C:$C,RaceResults!$A:$A,A6,RaceResults!$D:$D,E6)) -> 0 | G6: =IF(E6="","",SUMIFS(RaceResults!$E:$E,RaceResults!$A:$A,A6,RaceResults!$D:$D,E6)) -> 0
A7: 1 | B7: DAYTONA 500 | C7: Meg | D7: 3 | E7: =WeeklyPicks!F3 -> 0 | F7: =IF(E7="","",SUMIFS(RaceResults!$C:$C,RaceResults!$A:$A,A7,RaceResults!$D:$D,E7)) -> 0 | G7: =IF(E7="","",SUMIFS(RaceResults!$E:$E,RaceResults!$A:$A,A7,RaceResults!$D:$D,E7)) -> 0
A8: 1 | B8: DAYTONA 500 | C8: Darin | D8: 1 | E8: =WeeklyPicks!D4 -> 0 | F8: =IF(E8="","",SUMIFS(RaceResults!$C:$C,RaceResults!$A:$A,A8,RaceResults!$D:$D,E8)) -> 0 | G8: =IF(E8="","",SUMIFS(RaceResults!$E:$E,RaceResults!$A:$A,A8,RaceResults!$D:$D,E8)) -> 0
A9: 1 | B9: DAYTONA 500 | C9: Darin | D9: 2 | E9: =WeeklyPicks!E4 -> 0 | F9: =IF(E9="","",SUMIFS(RaceResults!$C:$C,RaceResults!$A:$A,A9,RaceResults!$D:$D,E9)) -> 0 | G9: =IF(E9="","",SUMIFS(RaceResults!$E:$E,RaceResults!$A:$A,A9,RaceResults!$D:$D,E9)) -> 0
A10: 1 | B10: DAYTONA 500 | C10: Darin | D10: 3 | E10: =WeeklyPicks!F4 -> 0 | F10: =IF(E10="","",SUMIFS(RaceResults!$C:$C,RaceResults!$A:$A,A10,RaceResults!$D:$D,E10)) -> 0 | G10: =IF(E10="","",SUMIFS(RaceResults!$E:$E,RaceResults!$A:$A,A10,RaceResults!$D:$D,E10)) -> 0
A11: 1 | B11: DAYTONA 500 | C11: Alz | D11: 1 | E11: =WeeklyPicks!D5 -> 0 | F11: =IF(E11="","",SUMIFS(RaceResults!$C:$C,RaceResults!$A:$A,A11,RaceResults!$D:$D,E11)) -> 0 | G11: =IF(E11="","",SUMIFS(RaceResults!$E:$E,RaceResults!$A:$A,A11,RaceResults!$D:$D,E11)) -> 0
A12: 1 | B12: DAYTONA 500 | C12: Alz | D12: 2 | E12: =WeeklyPicks!E5 -> 0 | F12: =IF(E12="","",SUMIFS(RaceResults!$C:$C,RaceResults!$A:$A,A12,RaceResults!$D:$D,E12)) -> 0 | G12: =IF(E12="","",SUMIFS(RaceResults!$E:$E,RaceResults!$A:$A,A12,RaceResults!$D:$D,E12)) -> 0
A13: 1 | B13: DAYTONA 500 | C13: Alz | D13: 3 | E13: =WeeklyPicks!F5 -> 0 | F13: =IF(E13="","",SUMIFS(RaceResults!$C:$C,RaceResults!$A:$A,A13,RaceResults!$D:$D,E13)) -> 0 | G13: =IF(E13="","",SUMIFS(RaceResults!$E:$E,RaceResults!$A:$A,A13,RaceResults!$D:$D,E13)) -> 0
A14: 1 | B14: DAYTONA 500 | C14: Joe | D14: 1 | E14: =WeeklyPicks!D6 -> 0 | F14: =IF(E14="","",SUMIFS(RaceResults!$C:$C,RaceResults!$A:$A,A14,RaceResults!$D:$D,E14)) -> 0 | G14: =IF(E14="","",SUMIFS(RaceResults!$E:$E,RaceResults!$A:$A,A14,RaceResults!$D:$D,E14)) -> 0
A15: 1 | B15: DAYTONA 500 | C15: Joe | D15: 2 | E15: =WeeklyPicks!E6 -> 0 | F15: =IF(E15="","",SUMIFS(RaceResults!$C:$C,RaceResults!$A:$A,A15,RaceResults!$D:$D,E15)) -> 0 | G15: =IF(E15="","",SUMIFS(RaceResults!$E:$E,RaceResults!$A:$A,A15,RaceResults!$D:$D,E15)) -> 0
A16: 1 | B16: DAYTONA 500 | C16: Joe | D16: 3 | E16: =WeeklyPicks!F6 -> 0 | F16: =IF(E16="","",SUMIFS(RaceResults!$C:$C,RaceResults!$A:$A,A16,RaceResults!$D:$D,E16)) -> 0 | G16: =IF(E16="","",SUMIFS(RaceResults!$E:$E,RaceResults!$A:$A,A16,RaceResults!$D:$D,E16)) -> 0
A17: 1 | B17: DAYTONA 500 | C17: Evelyn | D17: 1 | E17: =WeeklyPicks!D7 -> 0 | F17: =IF(E17="","",SUMIFS(RaceResults!$C:$C,RaceResults!$A:$A,A17,RaceResults!$D:$D,E17)) -> 0 | G17: =IF(E17="","",SUMIFS(RaceResults!$E:$E,RaceResults!$A:$A,A17,RaceResults!$D:$D,E17)) -> 0
A18: 1 | B18: DAYTONA 500 | C18: Evelyn | D18: 2 | E18: =WeeklyPicks!E7 -> 0 | F18: =IF(E18="","",SUMIFS(RaceResults!$C:$C,RaceResults!$A:$A,A18,RaceResults!$D:$D,E18)) -> 0 | G18: =IF(E18="","",SUMIFS(RaceResults!$E:$E,RaceResults!$A:$A,A18,RaceResults!$D:$D,E18)) -> 0
A19: 1 | B19: DAYTONA 500 | C19: Evelyn | D19: 3 | E19: =WeeklyPicks!F7 -> 0 | F19: =IF(E19="","",SUMIFS(RaceResults!$C:$C,RaceResults!$A:$A,A19,RaceResults!$D:$D,E19)) -> 0 | G19: =IF(E19="","",SUMIFS(RaceResults!$E:$E,RaceResults!$A:$A,A19,RaceResults!$D:$D,E19)) -> 0
A20: 1 | B20: DAYTONA 500 | C20: Deric | D20: 1 | E20: =WeeklyPicks!D8 -> 0 | F20: =IF(E20="","",SUMIFS(RaceResults!$C:$C,RaceResults!$A:$A,A20,RaceResults!$D:$D,E20)) -> 0 | G20: =IF(E20="","",SUMIFS(RaceResults!$E:$E,RaceResults!$A:$A,A20,RaceResults!$D:$D,E20)) -> 0
A21: 1 | B21: DAYTONA 500 | C21: Deric | D21: 2 | E21: =WeeklyPicks!E8 -> 0 | F21: =IF(E21="","",SUMIFS(RaceResults!$C:$C,RaceResults!$A:$A,A21,RaceResults!$D:$D,E21)) -> 0 | G21: =IF(E21="","",SUMIFS(RaceResults!$E:$E,RaceResults!$A:$A,A21,RaceResults!$D:$D,E21)) -> 0
A22: 1 | B22: DAYTONA 500 | C22: Deric | D22: 3 | E22: =WeeklyPicks!F8 -> 0 | F22: =IF(E22="","",SUMIFS(RaceResults!$C:$C,RaceResults!$A:$A,A22,RaceResults!$D:$D,E22)) -> 0 | G22: =IF(E22="","",SUMIFS(RaceResults!$E:$E,RaceResults!$A:$A,A22,RaceResults!$D:$D,E22)) -> 0
A23: 1 | B23: DAYTONA 500 | C23: Josh | D23: 1 | E23: =WeeklyPicks!D9 -> 0 | F23: =IF(E23="","",SUMIFS(RaceResults!$C:$C,RaceResults!$A:$A,A23,RaceResults!$D:$D,E23)) -> 0 | G23: =IF(E23="","",SUMIFS(RaceResults!$E:$E,RaceResults!$A:$A,A23,RaceResults!$D:$D,E23)) -> 0
A24: 1 | B24: DAYTONA 500 | C24: Josh | D24: 2 | E24: =WeeklyPicks!E9 -> 0 | F24: =IF(E24="","",SUMIFS(RaceResults!$C:$C,RaceResults!$A:$A,A24,RaceResults!$D:$D,E24)) -> 0 | G24: =IF(E24="","",SUMIFS(RaceResults!$E:$E,RaceResults!$A:$A,A24,RaceResults!$D:$D,E24)) -> 0
A25: 1 | B25: DAYTONA 500 | C25: Josh | D25: 3 | E25: =WeeklyPicks!F9 -> 0 | F25: =IF(E25="","",SUMIFS(RaceResults!$C:$C,RaceResults!$A:$A,A25,RaceResults!$D:$D,E25)) -> 0 | G25: =IF(E25="","",SUMIFS(RaceResults!$E:$E,RaceResults!$A:$A,A25,RaceResults!$D:$D,E25)) -> 0
A26: 1 | B26: DAYTONA 500 | C26: Jay | D26: 1 | E26: =WeeklyPicks!D10 -> 0 | F26: =IF(E26="","",SUMIFS(RaceResults!$C:$C,RaceResults!$A:$A,A26,RaceResults!$D:$D,E26)) -> 0 | G26: =IF(E26="","",SUMIFS(RaceResults!$E:$E,RaceResults!$A:$A,A26,RaceResults!$D:$D,E26)) -> 0
A27: 1 | B27: DAYTONA 500 | C27: Jay | D27: 2 | E27: =WeeklyPicks!E10 -> 0 | F27: =IF(E27="","",SUMIFS(RaceResults!$C:$C,RaceResults!$A:$A,A27,RaceResults!$D:$D,E27)) -> 0 | G27: =IF(E27="","",SUMIFS(RaceResults!$E:$E,RaceResults!$A:$A,A27,RaceResults!$D:$D,E27)) -> 0
A28: 1 | B28: DAYTONA 500 | C28: Jay | D28: 3 | E28: =WeeklyPicks!F10 -> 0 | F28: =IF(E28="","",SUMIFS(RaceResults!$C:$C,RaceResults!$A:$A,A28,RaceResults!$D:$D,E28)) -> 0 | G28: =IF(E28="","",SUMIFS(RaceResults!$E:$E,RaceResults!$A:$A,A28,RaceResults!$D:$D,E28)) -> 0
A29: 1 | B29: DAYTONA 500 | C29: Ryan | D29: 1 | E29: =WeeklyPicks!D11 -> 0 | F29: =IF(E29="","",SUMIFS(RaceResults!$C:$C,RaceResults!$A:$A,A29,RaceResults!$D:$D,E29)) -> 0 | G29: =IF(E29="","",SUMIFS(RaceResults!$E:$E,RaceResults!$A:$A,A29,RaceResults!$D:$D,E29)) -> 0
A30: 1 | B30: DAYTONA 500 | C30: Ryan | D30: 2 | E30: =WeeklyPicks!E11 -> 0 | F30: =IF(E30="","",SUMIFS(RaceResults!$C:$C,RaceResults!$A:$A,A30,RaceResults!$D:$D,E30)) -> 0 | G30: =IF(E30="","",SUMIFS(RaceResults!$E:$E,RaceResults!$A:$A,A30,RaceResults!$D:$D,E30)) -> 0
A31: 1 | B31: DAYTONA 500 | C31: Ryan | D31: 3 | E31: =WeeklyPicks!F11 -> 0 | F31: =IF(E31="","",SUMIFS(RaceResults!$C:$C,RaceResults!$A:$A,A31,RaceResults!$D:$D,E31)) -> 0 | G31: =IF(E31="","",SUMIFS(RaceResults!$E:$E,RaceResults!$A:$A,A31,RaceResults!$D:$D,E31)) -> 0
A32: 2 | B32: ECHOPARK (ATLANTA) | C32: Pat | D32: 1 | E32: =WeeklyPicks!D12 -> 0 | F32: =IF(E32="","",SUMIFS(RaceResults!$C:$C,RaceResults!$A:$A,A32,RaceResults!$D:$D,E32)) -> 0 | G32: =IF(E32="","",SUMIFS(RaceResults!$E:$E,RaceResults!$A:$A,A32,RaceResults!$D:$D,E32)) -> 0
A33: 2 | B33: ECHOPARK (ATLANTA) | C33: Pat | D33: 2 | E33: =WeeklyPicks!E12 -> 0 | F33: =IF(E33="","",SUMIFS(RaceResults!$C:$C,RaceResults!$A:$A,A33,RaceResults!$D:$D,E33)) -> 0 | G33: =IF(E33="","",SUMIFS(RaceResults!$E:$E,RaceResults!$A:$A,A33,RaceResults!$D:$D,E33)) -> 0
A34: 2 | B34: ECHOPARK (ATLANTA) | C34: Pat | D34: 3 | E34: =WeeklyPicks!F12 -> 0 | F34: =IF(E34="","",SUMIFS(RaceResults!$C:$C,RaceResults!$A:$A,A34,RaceResults!$D:$D,E34)) -> 0 | G34: =IF(E34="","",SUMIFS(RaceResults!$E:$E,RaceResults!$A:$A,A34,RaceResults!$D:$D,E34)) -> 0
A35: 2 | B35: ECHOPARK (ATLANTA) | C35: Meg | D35: 1 | E35: =WeeklyPicks!D13 -> 0 | F35: =IF(E35="","",SUMIFS(RaceResults!$C:$C,RaceResults!$A:$A,A35,RaceResults!$D:$D,E35)) -> 0 | G35: =IF(E35="","",SUMIFS(RaceResults!$E:$E,RaceResults!$A:$A,A35,RaceResults!$D:$D,E35)) -> 0
A36: 2 | B36: ECHOPARK (ATLANTA) | C36: Meg | D36: 2 | E36: =WeeklyPicks!E13 -> 0 | F36: =IF(E36="","",SUMIFS(RaceResults!$C:$C,RaceResults!$A:$A,A36,RaceResults!$D:$D,E36)) -> 0 | G36: =IF(E36="","",SUMIFS(RaceResults!$E:$E,RaceResults!$A:$A,A36,RaceResults!$D:$D,E36)) -> 0
A37: 2 | B37: ECHOPARK (ATLANTA) | C37: Meg | D37: 3 | E37: =WeeklyPicks!F13 -> 0 | F37: =IF(E37="","",SUMIFS(RaceResults!$C:$C,RaceResults!$A:$A,A37,RaceResults!$D:$D,E37)) -> 0 | G37: =IF(E37="","",SUMIFS(RaceResults!$E:$E,RaceResults!$A:$A,A37,RaceResults!$D:$D,E37)) -> 0
A38: 2 | B38: ECHOPARK (ATLANTA) | C38: Darin | D38: 1 | E38: =WeeklyPicks!D14 -> 0 | F38: =IF(E38="","",SUMIFS(RaceResults!$C:$C,RaceResults!$A:$A,A38,RaceResults!$D:$D,E38)) -> 0 | G38: =IF(E38="","",SUMIFS(RaceResults!$E:$E,RaceResults!$A:$A,A38,RaceResults!$D:$D,E38)) -> 0
A39: 2 | B39: ECHOPARK (ATLANTA) | C39: Darin | D39: 2 | E39: =WeeklyPicks!E14 -> 0 | F39: =IF(E39="","",SUMIFS(RaceResults!$C:$C,RaceResults!$A:$A,A39,RaceResults!$D:$D,E39)) -> 0 | G39: =IF(E39="","",SUMIFS(RaceResults!$E:$E,RaceResults!$A:$A,A39,RaceResults!$D:$D,E39)) -> 0
A40: 2 | B40: ECHOPARK (ATLANTA) | C40: Darin | D40: 3 | E40: =WeeklyPicks!F14 -> 0 | F40: =IF(E40="","",SUMIFS(RaceResults!$C:$C,RaceResults!$A:$A,A40,RaceResults!$D:$D,E40)) -> 0 | G40: =IF(E40="","",SUMIFS(RaceResults!$E:$E,RaceResults!$A:$A,A40,RaceResults!$D:$D,E40)) -> 0
A41: 2 | B41: ECHOPARK (ATLANTA) | C41: Alz | D41: 1 | E41: =WeeklyPicks!D15 -> 0 | F41: =IF(E41="","",SUMIFS(RaceResults!$C:$C,RaceResults!$A:$A,A41,RaceResults!$D:$D,E41)) -> 0 | G41: =IF(E41="","",SUMIFS(RaceResults!$E:$E,RaceResults!$A:$A,A41,RaceResults!$D:$D,E41)) -> 0
A42: 2 | B42: ECHOPARK (ATLANTA) | C42: Alz | D42: 2 | E42: =WeeklyPicks!E15 -> 0 | F42: =IF(E42="","",SUMIFS(RaceResults!$C:$C,RaceResults!$A:$A,A42,RaceResults!$D:$D,E42)) -> 0 | G42: =IF(E42="","",SUMIFS(RaceResults!$E:$E,RaceResults!$A:$A,A42,RaceResults!$D:$D,E42)) -> 0
A43: 2 | B43: ECHOPARK (ATLANTA) | C43: Alz | D43: 3 | E43: =WeeklyPicks!F15 -> 0 | F43: =IF(E43="","",SUMIFS(RaceResults!$C:$C,RaceResults!$A:$A,A43,RaceResults!$D:$D,E43)) -> 0 | G43: =IF(E43="","",SUMIFS(RaceResults!$E:$E,RaceResults!$A:$A,A43,RaceResults!$D:$D,E43)) -> 0
A44: 2 | B44: ECHOPARK (ATLANTA) | C44: Joe | D44: 1 | E44: =WeeklyPicks!D16 -> 0 | F44: =IF(E44="","",SUMIFS(RaceResults!$C:$C,RaceResults!$A:$A,A44,RaceResults!$D:$D,E44)) -> 0 | G44: =IF(E44="","",SUMIFS(RaceResults!$E:$E,RaceResults!$A:$A,A44,RaceResults!$D:$D,E44)) -> 0
A45: 2 | B45: ECHOPARK (ATLANTA) | C45: Joe | D45: 2 | E45: =WeeklyPicks!E16 -> 0 | F45: =IF(E45="","",SUMIFS(RaceResults!$C:$C,RaceResults!$A:$A,A45,RaceResults!$D:$D,E45)) -> 0 | G45: =IF(E45="","",SUMIFS(RaceResults!$E:$E,RaceResults!$A:$A,A45,RaceResults!$D:$D,E45)) -> 0
A46: 2 | B46: ECHOPARK (ATLANTA) | C46: Joe | D46: 3 | E46: =WeeklyPicks!F16 -> 0 | F46: =IF(E46="","",SUMIFS(RaceResults!$C:$C,RaceResults!$A:$A,A46,RaceResults!$D:$D,E46)) -> 0 | G46: =IF(E46="","",SUMIFS(RaceResults!$E:$E,RaceResults!$A:$A,A46,RaceResults!$D:$D,E46)) -> 0
A47: 2 | B47: ECHOPARK (ATLANTA) | C47: Evelyn | D47: 1 | E47: =WeeklyPicks!D17 -> 0 | F47: =IF(E47="","",SUMIFS(RaceResults!$C:$C,RaceResults!$A:$A,A47,RaceResults!$D:$D,E47)) -> 0 | G47: =IF(E47="","",SUMIFS(RaceResults!$E:$E,RaceResults!$A:$A,A47,RaceResults!$D:$D,E47)) -> 0
A48: 2 | B48: ECHOPARK (ATLANTA) | C48: Evelyn | D48: 2 | E48: =WeeklyPicks!E17 -> 0 | F48: =IF(E48="","",SUMIFS(RaceResults!$C:$C,RaceResults!$A:$A,A48,RaceResults!$D:$D,E48)) -> 0 | G48: =IF(E48="","",SUMIFS(RaceResults!$E:$E,RaceResults!$A:$A,A48,RaceResults!$D:$D,E48)) -> 0
A49: 2 | B49: ECHOPARK (ATLANTA) | C49: Evelyn | D49: 3 | E49: =WeeklyPicks!F17 -> 0 | F49: =IF(E49="","",SUMIFS(RaceResults!$C:$C,RaceResults!$A:$A,A49,RaceResults!$D:$D,E49)) -> 0 | G49: =IF(E49="","",SUMIFS(RaceResults!$E:$E,RaceResults!$A:$A,A49,RaceResults!$D:$D,E49)) -> 0
A50: 2 | B50: ECHOPARK (ATLANTA) | C50: Deric | D50: 1 | E50: =WeeklyPicks!D18 -> 0 | F50: =IF(E50="","",SUMIFS(RaceResults!$C:$C,RaceResults!$A:$A,A50,RaceResults!$D:$D,E50)) -> 0 | G50: =IF(E50="","",SUMIFS(RaceResults!$E:$E,RaceResults!$A:$A,A50,RaceResults!$D:$D,E50)) -> 0
A51: 2 | B51: ECHOPARK (ATLANTA) | C51: Deric | D51: 2 | E51: =WeeklyPicks!E18 -> 0 | F51: =IF(E51="","",SUMIFS(RaceResults!$C:$C,RaceResults!$A:$A,A51,RaceResults!$D:$D,E51)) -> 0 | G51: =IF(E51="","",SUMIFS(RaceResults!$E:$E,RaceResults!$A:$A,A51,RaceResults!$D:$D,E51)) -> 0
A52: 2 | B52: ECHOPARK (ATLANTA) | C52: Deric | D52: 3 | E52: =WeeklyPicks!F18 -> 0 | F52: =IF(E52="","",SUMIFS(RaceResults!$C:$C,RaceResults!$A:$A,A52,RaceResults!$D:$D,E52)) -> 0 | G52: =IF(E52="","",SUMIFS(RaceResults!$E:$E,RaceResults!$A:$A,A52,RaceResults!$D:$D,E52)) -> 0
A53: 2 | B53: ECHOPARK (ATLANTA) | C53: Josh | D53: 1 | E53: =WeeklyPicks!D19 -> 0 | F53: =IF(E53="","",SUMIFS(RaceResults!$C:$C,RaceResults!$A:$A,A53,RaceResults!$D:$D,E53)) -> 0 | G53: =IF(E53="","",SUMIFS(RaceResults!$E:$E,RaceResults!$A:$A,A53,RaceResults!$D:$D,E53)) -> 0
A54: 2 | B54: ECHOPARK (ATLANTA) | C54: Josh | D54: 2 | E54: =WeeklyPicks!E19 -> 0 | F54: =IF(E54="","",SUMIFS(RaceResults!$C:$C,RaceResults!$A:$A,A54,RaceResults!$D:$D,E54)) -> 0 | G54: =IF(E54="","",SUMIFS(RaceResults!$E:$E,RaceResults!$A:$A,A54,RaceResults!$D:$D,E54)) -> 0
A55: 2 | B55: ECHOPARK (ATLANTA) | C55: Josh | D55: 3 | E55: =WeeklyPicks!F19 -> 0 | F55: =IF(E55="","",SUMIFS(RaceResults!$C:$C,RaceResults!$A:$A,A55,RaceResults!$D:$D,E55)) -> 0 | G55: =IF(E55="","",SUMIFS(RaceResults!$E:$E,RaceResults!$A:$A,A55,RaceResults!$D:$D,E55)) -> 0
A56: 2 | B56: ECHOPARK (ATLANTA) | C56: Jay | D56: 1 | E56: =WeeklyPicks!D20 -> 0 | F56: =IF(E56="","",SUMIFS(RaceResults!$C:$C,RaceResults!$A:$A,A56,RaceResults!$D:$D,E56)) -> 0 | G56: =IF(E56="","",SUMIFS(RaceResults!$E:$E,RaceResults!$A:$A,A56,RaceResults!$D:$D,E56)) -> 0
A57: 2 | B57: ECHOPARK (ATLANTA) | C57: Jay | D57: 2 | E57: =WeeklyPicks!E20 -> 0 | F57: =IF(E57="","",SUMIFS(RaceResults!$C:$C,RaceResults!$A:$A,A57,RaceResults!$D:$D,E57)) -> 0 | G57: =IF(E57="","",SUMIFS(RaceResults!$E:$E,RaceResults!$A:$A,A57,RaceResults!$D:$D,E57)) -> 0
A58: 2 | B58: ECHOPARK (ATLANTA) | C58: Jay | D58: 3 | E58: =WeeklyPicks!F20 -> 0 | F58: =IF(E58="","",SUMIFS(RaceResults!$C:$C,RaceResults!$A:$A,A58,RaceResults!$D:$D,E58)) -> 0 | G58: =IF(E58="","",SUMIFS(RaceResults!$E:$E,RaceResults!$A:$A,A58,RaceResults!$D:$D,E58)) -> 0
A59: 2 | B59: ECHOPARK (ATLANTA) | C59: Ryan | D59: 1 | E59: =WeeklyPicks!D21 -> 0 | F59: =IF(E59="","",SUMIFS(RaceResults!$C:$C,RaceResults!$A:$A,A59,RaceResults!$D:$D,E59)) -> 0 | G59: =IF(E59="","",SUMIFS(RaceResults!$E:$E,RaceResults!$A:$A,A59,RaceResults!$D:$D,E59)) -> 0
A60: 2 | B60: ECHOPARK (ATLANTA) | C60: Ryan | D60: 2 | E60: =WeeklyPicks!E21 -> 0 | F60: =IF(E60="","",SUMIFS(RaceResults!$C:$C,RaceResults!$A:$A,A60,RaceResults!$D:$D,E60)) -> 0 | G60: =IF(E60="","",SUMIFS(RaceResults!$E:$E,RaceResults!$A:$A,A60,RaceResults!$D:$D,E60)) -> 0
A61: 2 | B61: ECHOPARK (ATLANTA) | C61: Ryan | D61: 3 | E61: =WeeklyPicks!F21 -> 0 | F61: =IF(E61="","",SUMIFS(RaceResults!$C:$C,RaceResults!$A:$A,A61,RaceResults!$D:$D,E61)) -> 0 | G61: =IF(E61="","",SUMIFS(RaceResults!$E:$E,RaceResults!$A:$A,A61,RaceResults!$D:$D,E61)) -> 0
A62: 3 | B62: COTA (AUSTIN) | C62: Pat | D62: 1 | E62: =WeeklyPicks!D22 -> 97 | F62: =IF(E62="","",SUMIFS(RaceResults!$C:$C,RaceResults!$A:$A,A62,RaceResults!$D:$D,E62)) -> 2 | G62: =IF(E62="","",SUMIFS(RaceResults!$E:$E,RaceResults!$A:$A,A62,RaceResults!$D:$D,E62)) -> 35
A63: 3 | B63: COTA (AUSTIN) | C63: Pat | D63: 2 | E63: =WeeklyPicks!E22 -> 20 | F63: =IF(E63="","",SUMIFS(RaceResults!$C:$C,RaceResults!$A:$A,A63,RaceResults!$D:$D,E63)) -> 3 | G63: =IF(E63="","",SUMIFS(RaceResults!$E:$E,RaceResults!$A:$A,A63,RaceResults!$D:$D,E63)) -> 34
A64: 3 | B64: COTA (AUSTIN) | C64: Pat | D64: 3 | E64: =WeeklyPicks!F22 -> 9 | F64: =IF(E64="","",SUMIFS(RaceResults!$C:$C,RaceResults!$A:$A,A64,RaceResults!$D:$D,E64)) -> 7 | G64: =IF(E64="","",SUMIFS(RaceResults!$E:$E,RaceResults!$A:$A,A64,RaceResults!$D:$D,E64)) -> 30
A65: 3 | B65: COTA (AUSTIN) | C65: Meg | D65: 1 | E65: =WeeklyPicks!D23 -> 45 | F65: =IF(E65="","",SUMIFS(RaceResults!$C:$C,RaceResults!$A:$A,A65,RaceResults!$D:$D,E65)) -> 1 | G65: =IF(E65="","",SUMIFS(RaceResults!$E:$E,RaceResults!$A:$A,A65,RaceResults!$D:$D,E65)) -> 55
A66: 3 | B66: COTA (AUSTIN) | C66: Meg | D66: 2 | E66: =WeeklyPicks!E23 -> 12 | F66: =IF(E66="","",SUMIFS(RaceResults!$C:$C,RaceResults!$A:$A,A66,RaceResults!$D:$D,E66)) -> 8 | G66: =IF(E66="","",SUMIFS(RaceResults!$E:$E,RaceResults!$A:$A,A66,RaceResults!$D:$D,E66)) -> 29
A67: 3 | B67: COTA (AUSTIN) | C67: Meg | D67: 3 | E67: =WeeklyPicks!F23 -> 11 | F67: =IF(E67="","",SUMIFS(RaceResults!$C:$C,RaceResults!$A:$A,A67,RaceResults!$D:$D,E67)) -> 10 | G67: =IF(E67="","",SUMIFS(RaceResults!$E:$E,RaceResults!$A:$A,A67,RaceResults!$D:$D,E67)) -> 27
A68: 3 | B68: COTA (AUSTIN) | C68: Darin | D68: 1 | E68: =WeeklyPicks!D24 -> 19 | F68: =IF(E68="","",SUMIFS(RaceResults!$C:$C,RaceResults!$A:$A,A68,RaceResults!$D:$D,E68)) -> 37 | G68: =IF(E68="","",SUMIFS(RaceResults!$E:$E,RaceResults!$A:$A,A68,RaceResults!$D:$D,E68)) -> 1
A69: 3 | B69: COTA (AUSTIN) | C69: Darin | D69: 2 | E69: =WeeklyPicks!E24 -> 20 | F69: =IF(E69="","",SUMIFS(RaceResults!$C:$C,RaceResults!$A:$A,A69,RaceResults!$D:$D,E69)) -> 3 | G69: =IF(E69="","",SUMIFS(RaceResults!$E:$E,RaceResults!$A:$A,A69,RaceResults!$D:$D,E69)) -> 34
A70: 3 | B70: COTA (AUSTIN) | C70: Darin | D70: 3 | E70: =WeeklyPicks!F24 -> 24 | F70: =IF(E70="","",SUMIFS(RaceResults!$C:$C,RaceResults!$A:$A,A70,RaceResults!$D:$D,E70)) -> 13 | G70: =IF(E70="","",SUMIFS(RaceResults!$E:$E,RaceResults!$A:$A,A70,RaceResults!$D:$D,E70)) -> 24
A71: 3 | B71: COTA (AUSTIN) | C71: Alz | D71: 1 | E71: =WeeklyPicks!D25 -> 97 | F71: =IF(E71="","",SUMIFS(RaceResults!$C:$C,RaceResults!$A:$A,A71,RaceResults!$D:$D,E71)) -> 2 | G71: =IF(E71="","",SUMIFS(RaceResults!$E:$E,RaceResults!$A:$A,A71,RaceResults!$D:$D,E71)) -> 35
A72: 3 | B72: COTA (AUSTIN) | C72: Alz | D72: 2 | E72: =WeeklyPicks!E25 -> 19 | F72: =IF(E72="","",SUMIFS(RaceResults!$C:$C,RaceResults!$A:$A,A72,RaceResults!$D:$D,E72)) -> 37 | G72: =IF(E72="","",SUMIFS(RaceResults!$E:$E,RaceResults!$A:$A,A72,RaceResults!$D:$D,E72)) -> 1
A73: 3 | B73: COTA (AUSTIN) | C73: Alz | D73: 3 | E73: =WeeklyPicks!F25 -> 11 | F73: =IF(E73="","",SUMIFS(RaceResults!$C:$C,RaceResults!$A:$A,A73,RaceResults!$D:$D,E73)) -> 10 | G73: =IF(E73="","",SUMIFS(RaceResults!$E:$E,RaceResults!$A:$A,A73,RaceResults!$D:$D,E73)) -> 27
A74: 3 | B74: COTA (AUSTIN) | C74: Joe | D74: 1 | E74: =WeeklyPicks!D26 -> 0 | F74: =IF(E74="","",SUMIFS(RaceResults!$C:$C,RaceResults!$A:$A,A74,RaceResults!$D:$D,E74)) -> 0 | G74: =IF(E74="","",SUMIFS(RaceResults!$E:$E,RaceResults!$A:$A,A74,RaceResults!$D:$D,E74)) -> 0
A75: 3 | B75: COTA (AUSTIN) | C75: Joe | D75: 2 | E75: =WeeklyPicks!E26 -> 0 | F75: =IF(E75="","",SUMIFS(RaceResults!$C:$C,RaceResults!$A:$A,A75,RaceResults!$D:$D,E75)) -> 0 | G75: =IF(E75="","",SUMIFS(RaceResults!$E:$E,RaceResults!$A:$A,A75,RaceResults!$D:$D,E75)) -> 0
A76: 3 | B76: COTA (AUSTIN) | C76: Joe | D76: 3 | E76: =WeeklyPicks!F26 -> 0 | F76: =IF(E76="","",SUMIFS(RaceResults!$C:$C,RaceResults!$A:$A,A76,RaceResults!$D:$D,E76)) -> 0 | G76: =IF(E76="","",SUMIFS(RaceResults!$E:$E,RaceResults!$A:$A,A76,RaceResults!$D:$D,E76)) -> 0
A77: 3 | B77: COTA (AUSTIN) | C77: Evelyn | D77: 1 | E77: =WeeklyPicks!D27 -> 0 | F77: =IF(E77="","",SUMIFS(RaceResults!$C:$C,RaceResults!$A:$A,A77,RaceResults!$D:$D,E77)) -> 0 | G77: =IF(E77="","",SUMIFS(RaceResults!$E:$E,RaceResults!$A:$A,A77,RaceResults!$D:$D,E77)) -> 0
A78: 3 | B78: COTA (AUSTIN) | C78: Evelyn | D78: 2 | E78: =WeeklyPicks!E27 -> 0 | F78: =IF(E78="","",SUMIFS(RaceResults!$C:$C,RaceResults!$A:$A,A78,RaceResults!$D:$D,E78)) -> 0 | G78: =IF(E78="","",SUMIFS(RaceResults!$E:$E,RaceResults!$A:$A,A78,RaceResults!$D:$D,E78)) -> 0
A79: 3 | B79: COTA (AUSTIN) | C79: Evelyn | D79: 3 | E79: =WeeklyPicks!F27 -> 0 | F79: =IF(E79="","",SUMIFS(RaceResults!$C:$C,RaceResults!$A:$A,A79,RaceResults!$D:$D,E79)) -> 0 | G79: =IF(E79="","",SUMIFS(RaceResults!$E:$E,RaceResults!$A:$A,A79,RaceResults!$D:$D,E79)) -> 0
A80: 3 | B80: COTA (AUSTIN) | C80: Deric | D80: 1 | E80: =WeeklyPicks!D28 -> 0 | F80: =IF(E80="","",SUMIFS(RaceResults!$C:$C,RaceResults!$A:$A,A80,RaceResults!$D:$D,E80)) -> 0 | G80: =IF(E80="","",SUMIFS(RaceResults!$E:$E,RaceResults!$A:$A,A80,RaceResults!$D:$D,E80)) -> 0
A81: 3 | B81: COTA (AUSTIN) | C81: Deric | D81: 2 | E81: =WeeklyPicks!E28 -> 0 | F81: =IF(E81="","",SUMIFS(RaceResults!$C:$C,RaceResults!$A:$A,A81,RaceResults!$D:$D,E81)) -> 0 | G81: =IF(E81="","",SUMIFS(RaceResults!$E:$E,RaceResults!$A:$A,A81,RaceResults!$D:$D,E81)) -> 0
A82: 3 | B82: COTA (AUSTIN) | C82: Deric | D82: 3 | E82: =WeeklyPicks!F28 -> 0 | F82: =IF(E82="","",SUMIFS(RaceResults!$C:$C,RaceResults!$A:$A,A82,RaceResults!$D:$D,E82)) -> 0 | G82: =IF(E82="","",SUMIFS(RaceResults!$E:$E,RaceResults!$A:$A,A82,RaceResults!$D:$D,E82)) -> 0
A83: 3 | B83: COTA (AUSTIN) | C83: Josh | D83: 1 | E83: =WeeklyPicks!D29 -> 0 | F83: =IF(E83="","",SUMIFS(RaceResults!$C:$C,RaceResults!$A:$A,A83,RaceResults!$D:$D,E83)) -> 0 | G83: =IF(E83="","",SUMIFS(RaceResults!$E:$E,RaceResults!$A:$A,A83,RaceResults!$D:$D,E83)) -> 0
A84: 3 | B84: COTA (AUSTIN) | C84: Josh | D84: 2 | E84: =WeeklyPicks!E29 -> 0 | F84: =IF(E84="","",SUMIFS(RaceResults!$C:$C,RaceResults!$A:$A,A84,RaceResults!$D:$D,E84)) -> 0 | G84: =IF(E84="","",SUMIFS(RaceResults!$E:$E,RaceResults!$A:$A,A84,RaceResults!$D:$D,E84)) -> 0
A85: 3 | B85: COTA (AUSTIN) | C85: Josh | D85: 3 | E85: =WeeklyPicks!F29 -> 0 | F85: =IF(E85="","",SUMIFS(RaceResults!$C:$C,RaceResults!$A:$A,A85,RaceResults!$D:$D,E85)) -> 0 | G85: =IF(E85="","",SUMIFS(RaceResults!$E:$E,RaceResults!$A:$A,A85,RaceResults!$D:$D,E85)) -> 0
A86: 3 | B86: COTA (AUSTIN) | C86: Jay | D86: 1 | E86: =WeeklyPicks!D30 -> 0 | F86: =IF(E86="","",SUMIFS(RaceResults!$C:$C,RaceResults!$A:$A,A86,RaceResults!$D:$D,E86)) -> 0 | G86: =IF(E86="","",SUMIFS(RaceResults!$E:$E,RaceResults!$A:$A,A86,RaceResults!$D:$D,E86)) -> 0
A87: 3 | B87: COTA (AUSTIN) | C87: Jay | D87: 2 | E87: =WeeklyPicks!E30 -> 0 | F87: =IF(E87="","",SUMIFS(RaceResults!$C:$C,RaceResults!$A:$A,A87,RaceResults!$D:$D,E87)) -> 0 | G87: =IF(E87="","",SUMIFS(RaceResults!$E:$E,RaceResults!$A:$A,A87,RaceResults!$D:$D,E87)) -> 0
A88: 3 | B88: COTA (AUSTIN) | C88: Jay | D88: 3 | E88: =WeeklyPicks!F30 -> 0 | F88: =IF(E88="","",SUMIFS(RaceResults!$C:$C,RaceResults!$A:$A,A88,RaceResults!$D:$D,E88)) -> 0 | G88: =IF(E88="","",SUMIFS(RaceResults!$E:$E,RaceResults!$A:$A,A88,RaceResults!$D:$D,E88)) -> 0
A89: 3 | B89: COTA (AUSTIN) | C89: Ryan | D89: 1 | E89: =WeeklyPicks!D31 -> 0 | F89: =IF(E89="","",SUMIFS(RaceResults!$C:$C,RaceResults!$A:$A,A89,RaceResults!$D:$D,E89)) -> 0 | G89: =IF(E89="","",SUMIFS(RaceResults!$E:$E,RaceResults!$A:$A,A89,RaceResults!$D:$D,E89)) -> 0
A90: 3 | B90: COTA (AUSTIN) | C90: Ryan | D90: 2 | E90: =WeeklyPicks!E31 -> 0 | F90: =IF(E90="","",SUMIFS(RaceResults!$C:$C,RaceResults!$A:$A,A90,RaceResults!$D:$D,E90)) -> 0 | G90: =IF(E90="","",SUMIFS(RaceResults!$E:$E,RaceResults!$A:$A,A90,RaceResults!$D:$D,E90)) -> 0
A91: 3 | B91: COTA (AUSTIN) | C91: Ryan | D91: 3 | E91: =WeeklyPicks!F31 -> 0 | F91: =IF(E91="","",SUMIFS(RaceResults!$C:$C,RaceResults!$A:$A,A91,RaceResults!$D:$D,E91)) -> 0 | G91: =IF(E91="","",SUMIFS(RaceResults!$E:$E,RaceResults!$A:$A,A91,RaceResults!$D:$D,E91)) -> 0
A92: 4 | B92: PHOENIX | C92: Pat | D92: 1 | E92: =WeeklyPicks!D32 -> 5 | F92: =IF(E92="","",SUMIFS(RaceResults!$C:$C,RaceResults!$A:$A,A92,RaceResults!$D:$D,E92)) -> 3 | G92: =IF(E92="","",SUMIFS(RaceResults!$E:$E,RaceResults!$A:$A,A92,RaceResults!$D:$D,E92)) -> 34
A93: 4 | B93: PHOENIX | C93: Pat | D93: 2 | E93: =WeeklyPicks!E32 -> 11 | F93: =IF(E93="","",SUMIFS(RaceResults!$C:$C,RaceResults!$A:$A,A93,RaceResults!$D:$D,E93)) -> 5 | G93: =IF(E93="","",SUMIFS(RaceResults!$E:$E,RaceResults!$A:$A,A93,RaceResults!$D:$D,E93)) -> 32
A94: 4 | B94: PHOENIX | C94: Pat | D94: 3 | E94: =WeeklyPicks!F32 -> 45 | F94: =IF(E94="","",SUMIFS(RaceResults!$C:$C,RaceResults!$A:$A,A94,RaceResults!$D:$D,E94)) -> 8 | G94: =IF(E94="","",SUMIFS(RaceResults!$E:$E,RaceResults!$A:$A,A94,RaceResults!$D:$D,E94)) -> 29
A95: 4 | B95: PHOENIX | C95: Meg | D95: 1 | E95: =WeeklyPicks!D33 -> 7 | F95: =IF(E95="","",SUMIFS(RaceResults!$C:$C,RaceResults!$A:$A,A95,RaceResults!$D:$D,E95)) -> 30 | G95: =IF(E95="","",SUMIFS(RaceResults!$E:$E,RaceResults!$A:$A,A95,RaceResults!$D:$D,E95)) -> 7
A96: 4 | B96: PHOENIX | C96: Meg | D96: 2 | E96: =WeeklyPicks!E33 -> 12 | F96: =IF(E96="","",SUMIFS(RaceResults!$C:$C,RaceResults!$A:$A,A96,RaceResults!$D:$D,E96)) -> 1 | G96: =IF(E96="","",SUMIFS(RaceResults!$E:$E,RaceResults!$A:$A,A96,RaceResults!$D:$D,E96)) -> 55
A97: 4 | B97: PHOENIX | C97: Meg | D97: 3 | E97: =WeeklyPicks!F33 -> 1 | F97: =IF(E97="","",SUMIFS(RaceResults!$C:$C,RaceResults!$A:$A,A97,RaceResults!$D:$D,E97)) -> 28 | G97: =IF(E97="","",SUMIFS(RaceResults!$E:$E,RaceResults!$A:$A,A97,RaceResults!$D:$D,E97)) -> 9
A98: 4 | B98: PHOENIX | C98: Darin | D98: 1 | E98: =WeeklyPicks!D34 -> 21 | F98: =IF(E98="","",SUMIFS(RaceResults!$C:$C,RaceResults!$A:$A,A98,RaceResults!$D:$D,E98)) -> 32 | G98: =IF(E98="","",SUMIFS(RaceResults!$E:$E,RaceResults!$A:$A,A98,RaceResults!$D:$D,E98)) -> 5
A99: 4 | B99: PHOENIX | C99: Darin | D99: 2 | E99: =WeeklyPicks!E34 -> 22 | F99: =IF(E99="","",SUMIFS(RaceResults!$C:$C,RaceResults!$A:$A,A99,RaceResults!$D:$D,E99)) -> 31 | G99: =IF(E99="","",SUMIFS(RaceResults!$E:$E,RaceResults!$A:$A,A99,RaceResults!$D:$D,E99)) -> 6
A100: 4 | B100: PHOENIX | C100: Darin | D100: 3 | E100: =WeeklyPicks!F34 -> 24 | F100: =IF(E100="","",SUMIFS(RaceResults!$C:$C,RaceResults!$A:$A,A100,RaceResults!$D:$D,E100)) -> 7 | G100: =IF(E100="","",SUMIFS(RaceResults!$E:$E,RaceResults!$A:$A,A100,RaceResults!$D:$D,E100)) -> 30
...

Sheet CountCalc
A1: Race # | B1: Race | C1: Car # | D1: Pick Count
A2: 1 | B2: DAYTONA 500 | C2: 1 | D2: =COUNTIF(WeeklyPicks!$D$2:$F$11,C2) -> 0
A3: 1 | B3: DAYTONA 500 | C3: 2 | D3: =COUNTIF(WeeklyPicks!$D$2:$F$11,C3) -> 0
A4: 1 | B4: DAYTONA 500 | C4: 3 | D4: =COUNTIF(WeeklyPicks!$D$2:$F$11,C4) -> 0
A5: 1 | B5: DAYTONA 500 | C5: 4 | D5: =COUNTIF(WeeklyPicks!$D$2:$F$11,C5) -> 0
A6: 1 | B6: DAYTONA 500 | C6: 5 | D6: =COUNTIF(WeeklyPicks!$D$2:$F$11,C6) -> 0
A7: 1 | B7: DAYTONA 500 | C7: 6 | D7: =COUNTIF(WeeklyPicks!$D$2:$F$11,C7) -> 0
A8: 1 | B8: DAYTONA 500 | C8: 7 | D8: =COUNTIF(WeeklyPicks!$D$2:$F$11,C8) -> 0
A9: 1 | B9: DAYTONA 500 | C9: 8 | D9: =COUNTIF(WeeklyPicks!$D$2:$F$11,C9) -> 0
A10: 1 | B10: DAYTONA 500 | C10: 9 | D10: =COUNTIF(WeeklyPicks!$D$2:$F$11,C10) -> 0
A11: 1 | B11: DAYTONA 500 | C11: 10 | D11: =COUNTIF(WeeklyPicks!$D$2:$F$11,C11) -> 0
A12: 1 | B12: DAYTONA 500 | C12: 11 | D12: =COUNTIF(WeeklyPicks!$D$2:$F$11,C12) -> 0
A13: 1 | B13: DAYTONA 500 | C13: 12 | D13: =COUNTIF(WeeklyPicks!$D$2:$F$11,C13) -> 0
... A100: 1 | B100: DAYTONA 500 | C100: 99 | D100: =COUNTIF(WeeklyPicks!$D$2:$F$11,C100) -> 0
A101: 2 | B101: ECHOPARK (ATLANTA) | C101: 1 | D101: =COUNTIF(WeeklyPicks!$D$12:$F$21,C101) -> 0
A102: 2 | B102: ECHOPARK (ATLANTA) | C102: 2 | D102: =COUNTIF(WeeklyPicks!$D$12:$F$21,C102) -> 0
A103: 2 | B103: ECHOPARK (ATLANTA) | C103: 3 | D103: =COUNTIF(WeeklyPicks!$D$12:$F$21,C103) -> 0
A104: 2 | B104: ECHOPARK (ATLANTA) | C104: 4 | D104: =COUNTIF(WeeklyPicks!$D$12:$F$21,C104) -> 0
A105: 2 | B105: ECHOPARK (ATLANTA) | C105: 5 | D105: =COUNTIF(WeeklyPicks!$D$12:$F$21,C105) -> 0
A106: 2 | B106: ECHOPARK (ATLANTA) | C106: 6 | D106: =COUNTIF(WeeklyPicks!$D$12:$F$21,C106) -> 0
A107: 2 | B107: ECHOPARK (ATLANTA) | C107: 7 | D107: =COUNTIF(WeeklyPicks!$D$12:$F$21,C107) -> 0
A108: 2 | B108: ECHOPARK (ATLANTA) | C108: 8 | D108: =COUNTIF(WeeklyPicks!$D$12:$F$21,C108) -> 0
A109: 2 | B109: ECHOPARK (ATLANTA) | C109: 9 | D109: =COUNTIF(WeeklyPicks!$D$12:$F$21,C109) -> 0
A110: 2 | B110: ECHOPARK (ATLANTA) | C110: 10 | D110: =COUNTIF(WeeklyPicks!$D$12:$F$21,C110) -> 0
A111: 2 | B111: ECHOPARK (ATLANTA) | C111: 11 | D111: =COUNTIF(WeeklyPicks!$D$12:$F$21,C111) -> 0
A112: 2 | B112: ECHOPARK (ATLANTA) | C112: 12 | D112: =COUNTIF(WeeklyPicks!$D$12:$F$21,C112) -> 0
... A199: 2 | B199: ECHOPARK (ATLANTA) | C199: 99 | D199: =COUNTIF(WeeklyPicks!$D$12:$F$21,C199) -> 0
A200: 3 | B200: COTA (AUSTIN) | C200: 1 | D200: =COUNTIF(WeeklyPicks!$D$22:$F$31,C200) -> 0
A201: 3 | B201: COTA (AUSTIN) | C201: 2 | D201: =COUNTIF(WeeklyPicks!$D$22:$F$31,C201) -> 0
A202: 3 | B202: COTA (AUSTIN) | C202: 3 | D202: =COUNTIF(WeeklyPicks!$D$22:$F$31,C202) -> 0
A203: 3 | B203: COTA (AUSTIN) | C203: 4 | D203: =COUNTIF(WeeklyPicks!$D$22:$F$31,C203) -> 0
A204: 3 | B204: COTA (AUSTIN) | C204: 5 | D204: =COUNTIF(WeeklyPicks!$D$22:$F$31,C204) -> 0
A205: 3 | B205: COTA (AUSTIN) | C205: 6 | D205: =COUNTIF(WeeklyPicks!$D$22:$F$31,C205) -> 0
A206: 3 | B206: COTA (AUSTIN) | C206: 7 | D206: =COUNTIF(WeeklyPicks!$D$22:$F$31,C206) -> 0
A207: 3 | B207: COTA (AUSTIN) | C207: 8 | D207: =COUNTIF(WeeklyPicks!$D$22:$F$31,C207) -> 0
A208: 3 | B208: COTA (AUSTIN) | C208: 9 | D208: =COUNTIF(WeeklyPicks!$D$22:$F$31,C208) -> 1
A209: 3 | B209: COTA (AUSTIN) | C209: 10 | D209: =COUNTIF(WeeklyPicks!$D$22:$F$31,C209) -> 0
A210: 3 | B210: COTA (AUSTIN) | C210: 11 | D210: =COUNTIF(WeeklyPicks!$D$22:$F$31,C210) -> 2
A211: 3 | B211: COTA (AUSTIN) | C211: 12 | D211: =COUNTIF(WeeklyPicks!$D$22:$F$31,C211) -> 1
... A298: 3 | B298: COTA (AUSTIN) | C298: 99 | D298: =COUNTIF(WeeklyPicks!$D$22:$F$31,C298) -> 0
A299: 4 | B299: PHOENIX | C299: 1 | D299: =COUNTIF(WeeklyPicks!$D$32:$F$41,C299) -> 1
A300: 4 | B300: PHOENIX | C300: 2 | D300: =COUNTIF(WeeklyPicks!$D$32:$F$41,C300) -> 1
A301: 4 | B301: PHOENIX | C301: 3 | D301: =COUNTIF(WeeklyPicks!$D$32:$F$41,C301) -> 0
A302: 4 | B302: PHOENIX | C302: 4 | D302: =COUNTIF(WeeklyPicks!$D$32:$F$41,C302) -> 0
A303: 4 | B303: PHOENIX | C303: 5 | D303: =COUNTIF(WeeklyPicks!$D$32:$F$41,C303) -> 2
A304: 4 | B304: PHOENIX | C304: 6 | D304: =COUNTIF(WeeklyPicks!$D$32:$F$41,C304) -> 0
A305: 4 | B305: PHOENIX | C305: 7 | D305: =COUNTIF(WeeklyPicks!$D$32:$F$41,C305) -> 1
A306: 4 | B306: PHOENIX | C306: 8 | D306: =COUNTIF(WeeklyPicks!$D$32:$F$41,C306) -> 0
A307: 4 | B307: PHOENIX | C307: 9 | D307: =COUNTIF(WeeklyPicks!$D$32:$F$41,C307) -> 0
A308: 4 | B308: PHOENIX | C308: 10 | D308: =COUNTIF(WeeklyPicks!$D$32:$F$41,C308) -> 0
A309: 4 | B309: PHOENIX | C309: 11 | D309: =COUNTIF(WeeklyPicks!$D$32:$F$41,C309) -> 1
A310: 4 | B310: PHOENIX | C310: 12 | D310: =COUNTIF(WeeklyPicks!$D$32:$F$41,C310) -> 3
... A397: 4 | B397: PHOENIX | C397: 99 | D397: =COUNTIF(WeeklyPicks!$D$32:$F$41,C397) -> 0
A398: 5 | B398: LAS VEGAS | C398: 1 | D398: =COUNTIF(WeeklyPicks!$D$42:$F$51,C398) -> 0
A399: 5 | B399: LAS VEGAS | C399: 2 | D399: =COUNTIF(WeeklyPicks!$D$42:$F$51,C399) -> 0
A400: 5 | B400: LAS VEGAS | C400: 3 | D400: =COUNTIF(WeeklyPicks!$D$42:$F$51,C400) -> 0
A401: 5 | B401: LAS VEGAS | C401: 4 | D401: =COUNTIF(WeeklyPicks!$D$42:$F$51,C401) -> 0
A402: 5 | B402: LAS VEGAS | C402: 5 | D402: =COUNTIF(WeeklyPicks!$D$42:$F$51,C402) -> 4
A403: 5 | B403: LAS VEGAS | C403: 6 | D403: =COUNTIF(WeeklyPicks!$D$42:$F$51,C403) -> 0
A404: 5 | B404: LAS VEGAS | C404: 7 | D404: =COUNTIF(WeeklyPicks!$D$42:$F$51,C404) -> 0
A405: 5 | B405: LAS VEGAS | C405: 8 | D405: =COUNTIF(WeeklyPicks!$D$42:$F$51,C405) -> 0
A406: 5 | B406: LAS VEGAS | C406: 9 | D406: =COUNTIF(WeeklyPicks!$D$42:$F$51,C406) -> 1
A407: 5 | B407: LAS VEGAS | C407: 10 | D407: =COUNTIF(WeeklyPicks!$D$42:$F$51,C407) -> 0
A408: 5 | B408: LAS VEGAS | C408: 11 | D408: =COUNTIF(WeeklyPicks!$D$42:$F$51,C408) -> 4
A409: 5 | B409: LAS VEGAS | C409: 12 | D409: =COUNTIF(WeeklyPicks!$D$42:$F$51,C409) -> 2
... A496: 5 | B496: LAS VEGAS | C496: 99 | D496: =COUNTIF(WeeklyPicks!$D$42:$F$51,C496) -> 0
A497: 6 | B497: DARLINGTON | C497: 1 | D497: =COUNTIF(WeeklyPicks!$D$52:$F$61,C497) -> 0
A498: 6 | B498: DARLINGTON | C498: 2 | D498: =COUNTIF(WeeklyPicks!$D$52:$F$61,C498) -> 0
A499: 6 | B499: DARLINGTON | C499: 3 | D499: =COUNTIF(WeeklyPicks!$D$52:$F$61,C499) -> 0
A500: 6 | B500: DARLINGTON | C500: 4 | D500: =COUNTIF(WeeklyPicks!$D$52:$F$61,C500) -> 0
A501: 6 | B501: DARLINGTON | C501: 5 | D501: =COUNTIF(WeeklyPicks!$D$52:$F$61,C501) -> 4
A502: 6 | B502: DARLINGTON | C502: 6 | D502: =COUNTIF(WeeklyPicks!$D$52:$F$61,C502) -> 0
A503: 6 | B503: DARLINGTON | C503: 7 | D503: =COUNTIF(WeeklyPicks!$D$52:$F$61,C503) -> 0
A504: 6 | B504: DARLINGTON | C504: 8 | D504: =COUNTIF(WeeklyPicks!$D$52:$F$61,C504) -> 0
A505: 6 | B505: DARLINGTON | C505: 9 | D505: =COUNTIF(WeeklyPicks!$D$52:$F$61,C505) -> 1
A506: 6 | B506: DARLINGTON | C506: 10 | D506: =COUNTIF(WeeklyPicks!$D$52:$F$61,C506) -> 0
A507: 6 | B507: DARLINGTON | C507: 11 | D507: =COUNTIF(WeeklyPicks!$D$52:$F$61,C507) -> 7
A508: 6 | B508: DARLINGTON | C508: 12 | D508: =COUNTIF(WeeklyPicks!$D$52:$F$61,C508) -> 3
... A595: 6 | B595: DARLINGTON | C595: 99 | D595: =COUNTIF(WeeklyPicks!$D$52:$F$61,C595) -> 0
A596: 7 | B596: MARTINSVILLE | C596: 1 | D596: =COUNTIF(WeeklyPicks!$D$62:$F$71,C596) -> 0
A597: 7 | B597: MARTINSVILLE | C597: 2 | D597: =COUNTIF(WeeklyPicks!$D$62:$F$71,C597) -> 0
A598: 7 | B598: MARTINSVILLE | C598: 3 | D598: =COUNTIF(WeeklyPicks!$D$62:$F$71,C598) -> 0
A599: 7 | B599: MARTINSVILLE | C599: 4 | D599: =COUNTIF(WeeklyPicks!$D$62:$F$71,C599) -> 0
A600: 7 | B600: MARTINSVILLE | C600: 5 | D600: =COUNTIF(WeeklyPicks!$D$62:$F$71,C600) -> 2
A601: 7 | B601: MARTINSVILLE | C601: 6 | D601: =COUNTIF(WeeklyPicks!$D$62:$F$71,C601) -> 0
A602: 7 | B602: MARTINSVILLE | C602: 7 | D602: =COUNTIF(WeeklyPicks!$D$62:$F$71,C602) -> 0
A603: 7 | B603: MARTINSVILLE | C603: 8 | D603: =COUNTIF(WeeklyPicks!$D$62:$F$71,C603) -> 0
A604: 7 | B604: MARTINSVILLE | C604: 9 | D604: =COUNTIF(WeeklyPicks!$D$62:$F$71,C604) -> 3
A605: 7 | B605: MARTINSVILLE | C605: 10 | D605: =COUNTIF(WeeklyPicks!$D$62:$F$71,C605) -> 0
A606: 7 | B606: MARTINSVILLE | C606: 11 | D606: =COUNTIF(WeeklyPicks!$D$62:$F$71,C606) -> 8
A607: 7 | B607: MARTINSVILLE | C607: 12 | D607: =COUNTIF(WeeklyPicks!$D$62:$F$71,C607) -> 3
... A694: 7 | B694: MARTINSVILLE | C694: 99 | D694: =COUNTIF(WeeklyPicks!$D$62:$F$71,C694) -> 0
A695: 8 | B695: BRISTOL | C695: 1 | D695: =COUNTIF(WeeklyPicks!$D$72:$F$81,C695) -> 0
A696: 8 | B696: BRISTOL | C696: 2 | D696: =COUNTIF(WeeklyPicks!$D$72:$F$81,C696) -> 0
A697: 8 | B697: BRISTOL | C697: 3 | D697: =COUNTIF(WeeklyPicks!$D$72:$F$81,C697) -> 0
A698: 8 | B698: BRISTOL | C698: 4 | D698: =COUNTIF(WeeklyPicks!$D$72:$F$81,C698) -> 0
A699: 8 | B699: BRISTOL | C699: 5 | D699: =COUNTIF(WeeklyPicks!$D$72:$F$81,C699) -> 4
A700: 8 | B700: BRISTOL | C700: 6 | D700: =COUNTIF(WeeklyPicks!$D$72:$F$81,C700) -> 0
A701: 8 | B701: BRISTOL | C701: 7 | D701: =COUNTIF(WeeklyPicks!$D$72:$F$81,C701) -> 0
A702: 8 | B702: BRISTOL | C702: 8 | D702: =COUNTIF(WeeklyPicks!$D$72:$F$81,C702) -> 0
...

Sheet DriverStats
A1: Car # | B1: Times Picked | C1: Total Pts Earned | D1: Average Finish | E1: Best Finish
A2: 1 | B2: =COUNTIF(Calc!$E$2:$E$1081,A2) -> 5 | C2: =SUMIF(Calc!$E$2:$E$1081,A2,Calc!$G$2:$G$1081) -> 29 | D2: =IF(B2=0,"",AVERAGEIF(Calc!$E$2:$E$1081,A2,Calc!$F$2:$F$1081)) -> 16.4 | E2: =IF(B2=0,"",_xludf.minifs(Calc!$F$2:$F$1081,Calc!$E$2:$E$1081,A2)) -> #NAME?
A3: 2 | B3: =COUNTIF(Calc!$E$2:$E$1081,A3) -> 4 | C3: =SUMIF(Calc!$E$2:$E$1081,A3,Calc!$G$2:$G$1081) -> 59 | D3: =IF(B3=0,"",AVERAGEIF(Calc!$E$2:$E$1081,A3,Calc!$F$2:$F$1081)) -> 13 | E3: =IF(B3=0,"",_xludf.minifs(Calc!$F$2:$F$1081,Calc!$E$2:$E$1081,A3)) -> #NAME?
A4: 3 | B4: =COUNTIF(Calc!$E$2:$E$1081,A4) -> 0 | C4: =SUMIF(Calc!$E$2:$E$1081,A4,Calc!$G$2:$G$1081) -> 0 | D4: =IF(B4=0,"",AVERAGEIF(Calc!$E$2:$E$1081,A4,Calc!$F$2:$F$1081)) | E4: =IF(B4=0,"",_xludf.minifs(Calc!$F$2:$F$1081,Calc!$E$2:$E$1081,A4))
A5: 4 | B5: =COUNTIF(Calc!$E$2:$E$1081,A5) -> 0 | C5: =SUMIF(Calc!$E$2:$E$1081,A5,Calc!$G$2:$G$1081) -> 0 | D5: =IF(B5=0,"",AVERAGEIF(Calc!$E$2:$E$1081,A5,Calc!$F$2:$F$1081)) | E5: =IF(B5=0,"",_xludf.minifs(Calc!$F$2:$F$1081,Calc!$E$2:$E$1081,A5))
A6: 5 | B6: =COUNTIF(Calc!$E$2:$E$1081,A6) -> 39 | C6: =SUMIF(Calc!$E$2:$E$1081,A6,Calc!$G$2:$G$1081) -> 723 | D6: =IF(B6=0,"",AVERAGEIF(Calc!$E$2:$E$1081,A6,Calc!$F$2:$F$1081)) -> 15.282051 | E6: =IF(B6=0,"",_xludf.minifs(Calc!$F$2:$F$1081,Calc!$E$2:$E$1081,A6)) -> #NAME?
A7: 6 | B7: =COUNTIF(Calc!$E$2:$E$1081,A7) -> 1 | C7: =SUMIF(Calc!$E$2:$E$1081,A7,Calc!$G$2:$G$1081) -> 6 | D7: =IF(B7=0,"",AVERAGEIF(Calc!$E$2:$E$1081,A7,Calc!$F$2:$F$1081)) -> 31 | E7: =IF(B7=0,"",_xludf.minifs(Calc!$F$2:$F$1081,Calc!$E$2:$E$1081,A7)) -> #NAME?
A8: 7 | B8: =COUNTIF(Calc!$E$2:$E$1081,A8) -> 2 | C8: =SUMIF(Calc!$E$2:$E$1081,A8,Calc!$G$2:$G$1081) -> 38 | D8: =IF(B8=0,"",AVERAGEIF(Calc!$E$2:$E$1081,A8,Calc!$F$2:$F$1081)) -> 18 | E8: =IF(B8=0,"",_xludf.minifs(Calc!$F$2:$F$1081,Calc!$E$2:$E$1081,A8)) -> #NAME?
A9: 8 | B9: =COUNTIF(Calc!$E$2:$E$1081,A9) -> 1 | C9: =SUMIF(Calc!$E$2:$E$1081,A9,Calc!$G$2:$G$1081) -> 17 | D9: =IF(B9=0,"",AVERAGEIF(Calc!$E$2:$E$1081,A9,Calc!$F$2:$F$1081)) -> 20 | E9: =IF(B9=0,"",_xludf.minifs(Calc!$F$2:$F$1081,Calc!$E$2:$E$1081,A9)) -> #NAME?
A10: 9 | B10: =COUNTIF(Calc!$E$2:$E$1081,A10) -> 12 | C10: =SUMIF(Calc!$E$2:$E$1081,A10,Calc!$G$2:$G$1081) -> 395 | D10: =IF(B10=0,"",AVERAGEIF(Calc!$E$2:$E$1081,A10,Calc!$F$2:$F$1081)) -> 7.3333333 | E10: =IF(B10=0,"",_xludf.minifs(Calc!$F$2:$F$1081,Calc!$E$2:$E$1081,A10)) -> #NAME?
A11: 10 | B11: =COUNTIF(Calc!$E$2:$E$1081,A11) -> 0 | C11: =SUMIF(Calc!$E$2:$E$1081,A11,Calc!$G$2:$G$1081) -> 0 | D11: =IF(B11=0,"",AVERAGEIF(Calc!$E$2:$E$1081,A11,Calc!$F$2:$F$1081)) | E11: =IF(B11=0,"",_xludf.minifs(Calc!$F$2:$F$1081,Calc!$E$2:$E$1081,A11))
A12: 11 | B12: =COUNTIF(Calc!$E$2:$E$1081,A12) -> 41 | C12: =SUMIF(Calc!$E$2:$E$1081,A12,Calc!$G$2:$G$1081) -> 1216 | D12: =IF(B12=0,"",AVERAGEIF(Calc!$E$2:$E$1081,A12,Calc!$F$2:$F$1081)) -> 4.6829268 | E12: =IF(B12=0,"",_xludf.minifs(Calc!$F$2:$F$1081,Calc!$E$2:$E$1081,A12)) -> #NAME?
A13: 12 | B13: =COUNTIF(Calc!$E$2:$E$1081,A13) -> 35 | C13: =SUMIF(Calc!$E$2:$E$1081,A13,Calc!$G$2:$G$1081) -> 815 | D13: =IF(B13=0,"",AVERAGEIF(Calc!$E$2:$E$1081,A13,Calc!$F$2:$F$1081)) -> 11.228571 | E13: =IF(B13=0,"",_xludf.minifs(Calc!$F$2:$F$1081,Calc!$E$2:$E$1081,A13)) -> #NAME?
... A100: 99 | B100: =COUNTIF(Calc!$E$2:$E$1081,A100) -> 0 | C100: =SUMIF(Calc!$E$2:$E$1081,A100,Calc!$G$2:$G$1081) -> 0 | D100: =IF(B100=0,"",AVERAGEIF(Calc!$E$2:$E$1081,A100,Calc!$F$2:$F$1081)) | E100: =IF(B100=0,"",_xludf.minifs(Calc!$F$2:$F$1081,Calc!$E$2:$E$1081,A100))

Sheet Dashboard
A1: RACE SHED FANTASY V7 — CHAMPIONSHIP DASHBOARD | I1: Race Spotlight
A3: Rank | B3: Player | C3: Season Points | D3: Wins | E3: Average Week | F3: Best Week | G3: Last Race Score | I3: Selected Race # | J3: =Setup!$B$2 -> 5
A4: =RANK(C4,$C$4:$C$13,0) -> 1 | B4: Pat | C4: =SUMIF(WeeklyPicks!$C:$C,B4,WeeklyPicks!$M:$M) -> 880 | D4: =COUNTIF(RaceSummary!$C:$C,B4) -> 3 | E4: =IF(COUNTIF(WeeklyPicks!$C:$C,B4)=0,"",AVERAGEIF(WeeklyPicks!$C:$C,B4,WeeklyPicks!$M:$M)) -> 24.444444 | F4: =_xludf.maxifs(WeeklyPicks!$M:$M,WeeklyPicks!$C:$C,B4) -> #NAME? | G4: =SUMIFS(WeeklyPicks!$M:$M,WeeklyPicks!$A:$A,Setup!$B$2,WeeklyPicks!$C:$C,B4) -> 82 | I4: Selected Race | J4: =Setup!$B$3 -> LAS VEGAS
A5: =RANK(C5,$C$4:$C$13,0) -> 3 | B5: Meg | C5: =SUMIF(WeeklyPicks!$C:$C,B5,WeeklyPicks!$M:$M) -> 875 | D5: =COUNTIF(RaceSummary!$C:$C,B5) -> 3 | E5: =IF(COUNTIF(WeeklyPicks!$C:$C,B5)=0,"",AVERAGEIF(WeeklyPicks!$C:$C,B5,WeeklyPicks!$M:$M)) -> 24.305556 | F5: =_xludf.maxifs(WeeklyPicks!$M:$M,WeeklyPicks!$C:$C,B5) -> #NAME? | G5: =SUMIFS(WeeklyPicks!$M:$M,WeeklyPicks!$A:$A,Setup!$B$2,WeeklyPicks!$C:$C,B5) -> 111 | I5: Weekly Winner | J5: =INDEX(RaceSummary!$C$2:$C$37,Setup!$B$2) -> Joe
A6: =RANK(C6,$C$4:$C$13,0) -> 4 | B6: Darin | C6: =SUMIF(WeeklyPicks!$C:$C,B6,WeeklyPicks!$M:$M) -> 736 | D6: =COUNTIF(RaceSummary!$C:$C,B6) -> 1 | E6: =IF(COUNTIF(WeeklyPicks!$C:$C,B6)=0,"",AVERAGEIF(WeeklyPicks!$C:$C,B6,WeeklyPicks!$M:$M)) -> 20.444444 | F6: =_xludf.maxifs(WeeklyPicks!$M:$M,WeeklyPicks!$C:$C,B6) -> #NAME? | G6: =SUMIFS(WeeklyPicks!$M:$M,WeeklyPicks!$A:$A,Setup!$B$2,WeeklyPicks!$C:$C,B6) -> 95 | I6: Winner Pts | J6: =INDEX(RaceSummary!$D$2:$D$37,Setup!$B$2) -> 118
A7: =RANK(C7,$C$4:$C$13,0) -> 2 | B7: Alz | C7: =SUMIF(WeeklyPicks!$C:$C,B7,WeeklyPicks!$M:$M) -> 876 | D7: =COUNTIF(RaceSummary!$C:$C,B7) -> 1 | E7: =IF(COUNTIF(WeeklyPicks!$C:$C,B7)=0,"",AVERAGEIF(WeeklyPicks!$C:$C,B7,WeeklyPicks!$M:$M)) -> 24.333333 | F7: =_xludf.maxifs(WeeklyPicks!$M:$M,WeeklyPicks!$C:$C,B7) -> #NAME? | G7: =SUMIFS(WeeklyPicks!$M:$M,WeeklyPicks!$A:$A,Setup!$B$2,WeeklyPicks!$C:$C,B7) -> 106 | I7: Most Popular Pick | J7: =INDEX(RaceSummary!$E$2:$E$37,Setup!$B$2) -> 5
A8: =RANK(C8,$C$4:$C$13,0) -> 6 | B8: Joe | C8: =SUMIF(WeeklyPicks!$C:$C,B8,WeeklyPicks!$M:$M) -> 620 | D8: =COUNTIF(RaceSummary!$C:$C,B8) -> 1 | E8: =IF(COUNTIF(WeeklyPicks!$C:$C,B8)=0,"",AVERAGEIF(WeeklyPicks!$C:$C,B8,WeeklyPicks!$M:$M)) -> 17.222222 | F8: =_xludf.maxifs(WeeklyPicks!$M:$M,WeeklyPicks!$C:$C,B8) -> #NAME? | G8: =SUMIFS(WeeklyPicks!$M:$M,WeeklyPicks!$A:$A,Setup!$B$2,WeeklyPicks!$C:$C,B8) -> 118 | I8: Worst Pick | J8: =INDEX(RaceSummary!$G$2:$G$37,Setup!$B$2) -> 12
A9: =RANK(C9,$C$4:$C$13,0) -> 5 | B9: Evelyn | C9: =SUMIF(WeeklyPicks!$C:$C,B9,WeeklyPicks!$M:$M) -> 677 | D9: =COUNTIF(RaceSummary!$C:$C,B9) -> 0 | E9: =IF(COUNTIF(WeeklyPicks!$C:$C,B9)=0,"",AVERAGEIF(WeeklyPicks!$C:$C,B9,WeeklyPicks!$M:$M)) -> 18.805556 | F9: =_xludf.maxifs(WeeklyPicks!$M:$M,WeeklyPicks!$C:$C,B9) -> #NAME? | G9: =SUMIFS(WeeklyPicks!$M:$M,WeeklyPicks!$A:$A,Setup!$B$2,WeeklyPicks!$C:$C,B9) -> 112
A10: =RANK(C10,$C$4:$C$13,0) -> 9 | B10: Deric | C10: =SUMIF(WeeklyPicks!$C:$C,B10,WeeklyPicks!$M:$M) -> 365 | D10: =COUNTIF(RaceSummary!$C:$C,B10) -> 0 | E10: =IF(COUNTIF(WeeklyPicks!$C:$C,B10)=0,"",AVERAGEIF(WeeklyPicks!$C:$C,B10,WeeklyPicks!$M:$M)) -> 10.138889 | F10: =_xludf.maxifs(WeeklyPicks!$M:$M,WeeklyPicks!$C:$C,B10) -> #NAME? | G10: =SUMIFS(WeeklyPicks!$M:$M,WeeklyPicks!$A:$A,Setup!$B$2,WeeklyPicks!$C:$C,B10) -> 0
A11: =RANK(C11,$C$4:$C$13,0) -> 10 | B11: Josh | C11: =SUMIF(WeeklyPicks!$C:$C,B11,WeeklyPicks!$M:$M) -> 0 | D11: =COUNTIF(RaceSummary!$C:$C,B11) -> 0 | E11: =IF(COUNTIF(WeeklyPicks!$C:$C,B11)=0,"",AVERAGEIF(WeeklyPicks!$C:$C,B11,WeeklyPicks!$M:$M)) -> 0 | F11: =_xludf.maxifs(WeeklyPicks!$M:$M,WeeklyPicks!$C:$C,B11) -> #NAME? | G11: =SUMIFS(WeeklyPicks!$M:$M,WeeklyPicks!$A:$A,Setup!$B$2,WeeklyPicks!$C:$C,B11) -> 0
A12: =RANK(C12,$C$4:$C$13,0) -> 8 | B12: Jay | C12: =SUMIF(WeeklyPicks!$C:$C,B12,WeeklyPicks!$M:$M) -> 515 | D12: =COUNTIF(RaceSummary!$C:$C,B12) -> 0 | E12: =IF(COUNTIF(WeeklyPicks!$C:$C,B12)=0,"",AVERAGEIF(WeeklyPicks!$C:$C,B12,WeeklyPicks!$M:$M)) -> 14.305556 | F12: =_xludf.maxifs(WeeklyPicks!$M:$M,WeeklyPicks!$C:$C,B12) -> #NAME? | G12: =SUMIFS(WeeklyPicks!$M:$M,WeeklyPicks!$A:$A,Setup!$B$2,WeeklyPicks!$C:$C,B12) -> 0
A13: =RANK(C13,$C$4:$C$13,0) -> 7 | B13: Ryan | C13: =SUMIF(WeeklyPicks!$C:$C,B13,WeeklyPicks!$M:$M) -> 544 | D13: =COUNTIF(RaceSummary!$C:$C,B13) -> 1 | E13: =IF(COUNTIF(WeeklyPicks!$C:$C,B13)=0,"",AVERAGEIF(WeeklyPicks!$C:$C,B13,WeeklyPicks!$M:$M)) -> 15.111111 | F13: =_xludf.maxifs(WeeklyPicks!$M:$M,WeeklyPicks!$C:$C,B13) -> #NAME? | G13: =SUMIFS(WeeklyPicks!$M:$M,WeeklyPicks!$A:$A,Setup!$B$2,WeeklyPicks!$C:$C,B13) -> 82
A15: Cumulative Standings
A16: Race # | B16: Race | C16: Pat | D16: Meg | E16: Darin | F16: Alz | G16: Joe | H16: Evelyn | I16: Deric | J16: Josh | K16: Jay | L16: Ryan
A17: 1 | B17: DAYTONA 500 | C17: =SUMIFS(WeeklyPicks!$M:$M,WeeklyPicks!$A:$A,"<="&$A17,WeeklyPicks!$C:$C,C$16) -> 0 | D17: =SUMIFS(WeeklyPicks!$M:$M,WeeklyPicks!$A:$A,"<="&$A17,WeeklyPicks!$C:$C,D$16) -> 0 | E17: =SUMIFS(WeeklyPicks!$M:$M,WeeklyPicks!$A:$A,"<="&$A17,WeeklyPicks!$C:$C,E$16) -> 0 | F17: =SUMIFS(WeeklyPicks!$M:$M,WeeklyPicks!$A:$A,"<="&$A17,WeeklyPicks!$C:$C,F$16) -> 0 | G17: =SUMIFS(WeeklyPicks!$M:$M,WeeklyPicks!$A:$A,"<="&$A17,WeeklyPicks!$C:$C,G$16) -> 0 | H17: =SUMIFS(WeeklyPicks!$M:$M,WeeklyPicks!$A:$A,"<="&$A17,WeeklyPicks!$C:$C,H$16) -> 0 | I17: =SUMIFS(WeeklyPicks!$M:$M,WeeklyPicks!$A:$A,"<="&$A17,WeeklyPicks!$C:$C,I$16) -> 0 | J17: =SUMIFS(WeeklyPicks!$M:$M,WeeklyPicks!$A:$A,"<="&$A17,WeeklyPicks!$C:$C,J$16) -> 0 | ... L17: =SUMIFS(WeeklyPicks!$M:$M,WeeklyPicks!$A:$A,"<="&$A17,WeeklyPicks!$C:$C,L$16) -> 0
A18: 2 | B18: ECHOPARK (ATLANTA) | C18: =SUMIFS(WeeklyPicks!$M:$M,WeeklyPicks!$A:$A,"<="&$A18,WeeklyPicks!$C:$C,C$16) -> 0 | D18: =SUMIFS(WeeklyPicks!$M:$M,WeeklyPicks!$A:$A,"<="&$A18,WeeklyPicks!$C:$C,D$16) -> 0 | E18: =SUMIFS(WeeklyPicks!$M:$M,WeeklyPicks!$A:$A,"<="&$A18,WeeklyPicks!$C:$C,E$16) -> 0 | F18: =SUMIFS(WeeklyPicks!$M:$M,WeeklyPicks!$A:$A,"<="&$A18,WeeklyPicks!$C:$C,F$16) -> 0 | G18: =SUMIFS(WeeklyPicks!$M:$M,WeeklyPicks!$A:$A,"<="&$A18,WeeklyPicks!$C:$C,G$16) -> 0 | H18: =SUMIFS(WeeklyPicks!$M:$M,WeeklyPicks!$A:$A,"<="&$A18,WeeklyPicks!$C:$C,H$16) -> 0 | I18: =SUMIFS(WeeklyPicks!$M:$M,WeeklyPicks!$A:$A,"<="&$A18,WeeklyPicks!$C:$C,I$16) -> 0 | J18: =SUMIFS(WeeklyPicks!$M:$M,WeeklyPicks!$A:$A,"<="&$A18,WeeklyPicks!$C:$C,J$16) -> 0 | ... L18: =SUMIFS(WeeklyPicks!$M:$M,WeeklyPicks!$A:$A,"<="&$A18,WeeklyPicks!$C:$C,L$16) -> 0
A19: 3 | B19: COTA (AUSTIN) | C19: =SUMIFS(WeeklyPicks!$M:$M,WeeklyPicks!$A:$A,"<="&$A19,WeeklyPicks!$C:$C,C$16) -> 99 | D19: =SUMIFS(WeeklyPicks!$M:$M,WeeklyPicks!$A:$A,"<="&$A19,WeeklyPicks!$C:$C,D$16) -> 111 | E19: =SUMIFS(WeeklyPicks!$M:$M,WeeklyPicks!$A:$A,"<="&$A19,WeeklyPicks!$C:$C,E$16) -> 59 | F19: =SUMIFS(WeeklyPicks!$M:$M,WeeklyPicks!$A:$A,"<="&$A19,WeeklyPicks!$C:$C,F$16) -> 63 | G19: =SUMIFS(WeeklyPicks!$M:$M,WeeklyPicks!$A:$A,"<="&$A19,WeeklyPicks!$C:$C,G$16) -> 0 | H19: =SUMIFS(WeeklyPicks!$M:$M,WeeklyPicks!$A:$A,"<="&$A19,WeeklyPicks!$C:$C,H$16) -> 0 | I19: =SUMIFS(WeeklyPicks!$M:$M,WeeklyPicks!$A:$A,"<="&$A19,WeeklyPicks!$C:$C,I$16) -> 0 | J19: =SUMIFS(WeeklyPicks!$M:$M,WeeklyPicks!$A:$A,"<="&$A19,WeeklyPicks!$C:$C,J$16) -> 0 | ... L19: =SUMIFS(WeeklyPicks!$M:$M,WeeklyPicks!$A:$A,"<="&$A19,WeeklyPicks!$C:$C,L$16) -> 0
A20: 4 | B20: PHOENIX | C20: =SUMIFS(WeeklyPicks!$M:$M,WeeklyPicks!$A:$A,"<="&$A20,WeeklyPicks!$C:$C,C$16) -> 194 | D20: =SUMIFS(WeeklyPicks!$M:$M,WeeklyPicks!$A:$A,"<="&$A20,WeeklyPicks!$C:$C,D$16) -> 182 | E20: =SUMIFS(WeeklyPicks!$M:$M,WeeklyPicks!$A:$A,"<="&$A20,WeeklyPicks!$C:$C,E$16) -> 100 | F20: =SUMIFS(WeeklyPicks!$M:$M,WeeklyPicks!$A:$A,"<="&$A20,WeeklyPicks!$C:$C,F$16) -> 155 | G20: =SUMIFS(WeeklyPicks!$M:$M,WeeklyPicks!$A:$A,"<="&$A20,WeeklyPicks!$C:$C,G$16) -> 85 | H20: =SUMIFS(WeeklyPicks!$M:$M,WeeklyPicks!$A:$A,"<="&$A20,WeeklyPicks!$C:$C,H$16) -> 0 | I20: =SUMIFS(WeeklyPicks!$M:$M,WeeklyPicks!$A:$A,"<="&$A20,WeeklyPicks!$C:$C,I$16) -> 0 | J20: =SUMIFS(WeeklyPicks!$M:$M,WeeklyPicks!$A:$A,"<="&$A20,WeeklyPicks!$C:$C,J$16) -> 0 | ... L20: =SUMIFS(WeeklyPicks!$M:$M,WeeklyPicks!$A:$A,"<="&$A20,WeeklyPicks!$C:$C,L$16) -> 0
A21: 5 | B21: LAS VEGAS | C21: =SUMIFS(WeeklyPicks!$M:$M,WeeklyPicks!$A:$A,"<="&$A21,WeeklyPicks!$C:$C,C$16) -> 276 | D21: =SUMIFS(WeeklyPicks!$M:$M,WeeklyPicks!$A:$A,"<="&$A21,WeeklyPicks!$C:$C,D$16) -> 293 | E21: =SUMIFS(WeeklyPicks!$M:$M,WeeklyPicks!$A:$A,"<="&$A21,WeeklyPicks!$C:$C,E$16) -> 195 | F21: =SUMIFS(WeeklyPicks!$M:$M,WeeklyPicks!$A:$A,"<="&$A21,WeeklyPicks!$C:$C,F$16) -> 261 | G21: =SUMIFS(WeeklyPicks!$M:$M,WeeklyPicks!$A:$A,"<="&$A21,WeeklyPicks!$C:$C,G$16) -> 203 | H21: =SUMIFS(WeeklyPicks!$M:$M,WeeklyPicks!$A:$A,"<="&$A21,WeeklyPicks!$C:$C,H$16) -> 112 | I21: =SUMIFS(WeeklyPicks!$M:$M,WeeklyPicks!$A:$A,"<="&$A21,WeeklyPicks!$C:$C,I$16) -> 0 | J21: =SUMIFS(WeeklyPicks!$M:$M,WeeklyPicks!$A:$A,"<="&$A21,WeeklyPicks!$C:$C,J$16) -> 0 | ... L21: =SUMIFS(WeeklyPicks!$M:$M,WeeklyPicks!$A:$A,"<="&$A21,WeeklyPicks!$C:$C,L$16) -> 82
A22: 6 | B22: DARLINGTON | C22: =SUMIFS(WeeklyPicks!$M:$M,WeeklyPicks!$A:$A,"<="&$A22,WeeklyPicks!$C:$C,C$16) -> 370 | D22: =SUMIFS(WeeklyPicks!$M:$M,WeeklyPicks!$A:$A,"<="&$A22,WeeklyPicks!$C:$C,D$16) -> 328 | E22: =SUMIFS(WeeklyPicks!$M:$M,WeeklyPicks!$A:$A,"<="&$A22,WeeklyPicks!$C:$C,E$16) -> 277 | F22: =SUMIFS(WeeklyPicks!$M:$M,WeeklyPicks!$A:$A,"<="&$A22,WeeklyPicks!$C:$C,F$16) -> 376 | G22: =SUMIFS(WeeklyPicks!$M:$M,WeeklyPicks!$A:$A,"<="&$A22,WeeklyPicks!$C:$C,G$16) -> 263 | H22: =SUMIFS(WeeklyPicks!$M:$M,WeeklyPicks!$A:$A,"<="&$A22,WeeklyPicks!$C:$C,H$16) -> 221 | I22: =SUMIFS(WeeklyPicks!$M:$M,WeeklyPicks!$A:$A,"<="&$A22,WeeklyPicks!$C:$C,I$16) -> 0 | J22: =SUMIFS(WeeklyPicks!$M:$M,WeeklyPicks!$A:$A,"<="&$A22,WeeklyPicks!$C:$C,J$16) -> 0 | ... L22: =SUMIFS(WeeklyPicks!$M:$M,WeeklyPicks!$A:$A,"<="&$A22,WeeklyPicks!$C:$C,L$16) -> 194
A23: 7 | B23: MARTINSVILLE | C23: =SUMIFS(WeeklyPicks!$M:$M,WeeklyPicks!$A:$A,"<="&$A23,WeeklyPicks!$C:$C,C$16) -> 453 | D23: =SUMIFS(WeeklyPicks!$M:$M,WeeklyPicks!$A:$A,"<="&$A23,WeeklyPicks!$C:$C,D$16) -> 421 | E23: =SUMIFS(WeeklyPicks!$M:$M,WeeklyPicks!$A:$A,"<="&$A23,WeeklyPicks!$C:$C,E$16) -> 399 | F23: =SUMIFS(WeeklyPicks!$M:$M,WeeklyPicks!$A:$A,"<="&$A23,WeeklyPicks!$C:$C,F$16) -> 468 | G23: =SUMIFS(WeeklyPicks!$M:$M,WeeklyPicks!$A:$A,"<="&$A23,WeeklyPicks!$C:$C,G$16) -> 375 | H23: =SUMIFS(WeeklyPicks!$M:$M,WeeklyPicks!$A:$A,"<="&$A23,WeeklyPicks!$C:$C,H$16) -> 317 | I23: =SUMIFS(WeeklyPicks!$M:$M,WeeklyPicks!$A:$A,"<="&$A23,WeeklyPicks!$C:$C,I$16) -> 115 | J23: =SUMIFS(WeeklyPicks!$M:$M,WeeklyPicks!$A:$A,"<="&$A23,WeeklyPicks!$C:$C,J$16) -> 0 | ... L23: =SUMIFS(WeeklyPicks!$M:$M,WeeklyPicks!$A:$A,"<="&$A23,WeeklyPicks!$C:$C,L$16) -> 262
A24: 8 | B24: BRISTOL | C24: =SUMIFS(WeeklyPicks!$M:$M,WeeklyPicks!$A:$A,"<="&$A24,WeeklyPicks!$C:$C,C$16) -> 555 | D24: =SUMIFS(WeeklyPicks!$M:$M,WeeklyPicks!$A:$A,"<="&$A24,WeeklyPicks!$C:$C,D$16) -> 516 | E24: =SUMIFS(WeeklyPicks!$M:$M,WeeklyPicks!$A:$A,"<="&$A24,WeeklyPicks!$C:$C,E$16) -> 513 | F24: =SUMIFS(WeeklyPicks!$M:$M,WeeklyPicks!$A:$A,"<="&$A24,WeeklyPicks!$C:$C,F$16) -> 586 | G24: =SUMIFS(WeeklyPicks!$M:$M,WeeklyPicks!$A:$A,"<="&$A24,WeeklyPicks!$C:$C,G$16) -> 449 | H24: =SUMIFS(WeeklyPicks!$M:$M,WeeklyPicks!$A:$A,"<="&$A24,WeeklyPicks!$C:$C,H$16) -> 395 | I24: =SUMIFS(WeeklyPicks!$M:$M,WeeklyPicks!$A:$A,"<="&$A24,WeeklyPicks!$C:$C,I$16) -> 115 | J24: =SUMIFS(WeeklyPicks!$M:$M,WeeklyPicks!$A:$A,"<="&$A24,WeeklyPicks!$C:$C,J$16) -> 0 | ... L24: =SUMIFS(WeeklyPicks!$M:$M,WeeklyPicks!$A:$A,"<="&$A24,WeeklyPicks!$C:$C,L$16) -> 385
A25: 9 | B25: KANSAS | C25: =SUMIFS(WeeklyPicks!$M:$M,WeeklyPicks!$A:$A,"<="&$A25,WeeklyPicks!$C:$C,C$16) -> 678 | D25: =SUMIFS(WeeklyPicks!$M:$M,WeeklyPicks!$A:$A,"<="&$A25,WeeklyPicks!$C:$C,D$16) -> 639 | E25: =SUMIFS(WeeklyPicks!$M:$M,WeeklyPicks!$A:$A,"<="&$A25,WeeklyPicks!$C:$C,E$16) -> 589 | F25: =SUMIFS(WeeklyPicks!$M:$M,WeeklyPicks!$A:$A,"<="&$A25,WeeklyPicks!$C:$C,F$16) -> 662 | G25: =SUMIFS(WeeklyPicks!$M:$M,WeeklyPicks!$A:$A,"<="&$A25,WeeklyPicks!$C:$C,G$16) -> 534 | H25: =SUMIFS(WeeklyPicks!$M:$M,WeeklyPicks!$A:$A,"<="&$A25,WeeklyPicks!$C:$C,H$16) -> 471 | I25: =SUMIFS(WeeklyPicks!$M:$M,WeeklyPicks!$A:$A,"<="&$A25,WeeklyPicks!$C:$C,I$16) -> 209 | J25: =SUMIFS(WeeklyPicks!$M:$M,WeeklyPicks!$A:$A,"<="&$A25,WeeklyPicks!$C:$C,J$16) -> 0 | ... L25: =SUMIFS(WeeklyPicks!$M:$M,WeeklyPicks!$A:$A,"<="&$A25,WeeklyPicks!$C:$C,L$16) -> 459
A26: 10 | B26: TALLADEGA | C26: =SUMIFS(WeeklyPicks!$M:$M,WeeklyPicks!$A:$A,"<="&$A26,WeeklyPicks!$C:$C,C$16) -> 703 | D26: =SUMIFS(WeeklyPicks!$M:$M,WeeklyPicks!$A:$A,"<="&$A26,WeeklyPicks!$C:$C,D$16) -> 685 | E26: =SUMIFS(WeeklyPicks!$M:$M,WeeklyPicks!$A:$A,"<="&$A26,WeeklyPicks!$C:$C,E$16) -> 593 | F26: =SUMIFS(WeeklyPicks!$M:$M,WeeklyPicks!$A:$A,"<="&$A26,WeeklyPicks!$C:$C,F$16) -> 687 | G26: =SUMIFS(WeeklyPicks!$M:$M,WeeklyPicks!$A:$A,"<="&$A26,WeeklyPicks!$C:$C,G$16) -> 538 | H26: =SUMIFS(WeeklyPicks!$M:$M,WeeklyPicks!$A:$A,"<="&$A26,WeeklyPicks!$C:$C,H$16) -> 497 | I26: =SUMIFS(WeeklyPicks!$M:$M,WeeklyPicks!$A:$A,"<="&$A26,WeeklyPicks!$C:$C,I$16) -> 245 | J26: =SUMIFS(WeeklyPicks!$M:$M,WeeklyPicks!$A:$A,"<="&$A26,WeeklyPicks!$C:$C,J$16) -> 0 | ... L26: =SUMIFS(WeeklyPicks!$M:$M,WeeklyPicks!$A:$A,"<="&$A26,WeeklyPicks!$C:$C,L$16) -> 464
A27: 11 | B27: TEXAS | C27: =SUMIFS(WeeklyPicks!$M:$M,WeeklyPicks!$A:$A,"<="&$A27,WeeklyPicks!$C:$C,C$16) -> 771 | D27: =SUMIFS(WeeklyPicks!$M:$M,WeeklyPicks!$A:$A,"<="&$A27,WeeklyPicks!$C:$C,D$16) -> 784 | E27: =SUMIFS(WeeklyPicks!$M:$M,WeeklyPicks!$A:$A,"<="&$A27,WeeklyPicks!$C:$C,E$16) -> 640 | F27: =SUMIFS(WeeklyPicks!$M:$M,WeeklyPicks!$A:$A,"<="&$A27,WeeklyPicks!$C:$C,F$16) -> 779 | G27: =SUMIFS(WeeklyPicks!$M:$M,WeeklyPicks!$A:$A,"<="&$A27,WeeklyPicks!$C:$C,G$16) -> 575 | H27: =SUMIFS(WeeklyPicks!$M:$M,WeeklyPicks!$A:$A,"<="&$A27,WeeklyPicks!$C:$C,H$16) -> 574 | I27: =SUMIFS(WeeklyPicks!$M:$M,WeeklyPicks!$A:$A,"<="&$A27,WeeklyPicks!$C:$C,I$16) -> 337 | J27: =SUMIFS(WeeklyPicks!$M:$M,WeeklyPicks!$A:$A,"<="&$A27,WeeklyPicks!$C:$C,J$16) -> 0 | ... L27: =SUMIFS(WeeklyPicks!$M:$M,WeeklyPicks!$A:$A,"<="&$A27,WeeklyPicks!$C:$C,L$16) -> 517
A28: 12 | B28: WATKINS GLEN | C28: =SUMIFS(WeeklyPicks!$M:$M,WeeklyPicks!$A:$A,"<="&$A28,WeeklyPicks!$C:$C,C$16) -> 880 | D28: =SUMIFS(WeeklyPicks!$M:$M,WeeklyPicks!$A:$A,"<="&$A28,WeeklyPicks!$C:$C,D$16) -> 875 | E28: =SUMIFS(WeeklyPicks!$M:$M,WeeklyPicks!$A:$A,"<="&$A28,WeeklyPicks!$C:$C,E$16) -> 736 | F28: =SUMIFS(WeeklyPicks!$M:$M,WeeklyPicks!$A:$A,"<="&$A28,WeeklyPicks!$C:$C,F$16) -> 876 | G28: =SUMIFS(WeeklyPicks!$M:$M,WeeklyPicks!$A:$A,"<="&$A28,WeeklyPicks!$C:$C,G$16) -> 620 | H28: =SUMIFS(WeeklyPicks!$M:$M,WeeklyPicks!$A:$A,"<="&$A28,WeeklyPicks!$C:$C,H$16) -> 677 | I28: =SUMIFS(WeeklyPicks!$M:$M,WeeklyPicks!$A:$A,"<="&$A28,WeeklyPicks!$C:$C,I$16) -> 365 | J28: =SUMIFS(WeeklyPicks!$M:$M,WeeklyPicks!$A:$A,"<="&$A28,WeeklyPicks!$C:$C,J$16) -> 0 | ... L28: =SUMIFS(WeeklyPicks!$M:$M,WeeklyPicks!$A:$A,"<="&$A28,WeeklyPicks!$C:$C,L$16) -> 544
... A52: 36 | B52: HOMESTEAD-MIAMI | C52: =SUMIFS(WeeklyPicks!$M:$M,WeeklyPicks!$A:$A,"<="&$A52,WeeklyPicks!$C:$C,C$16) -> 880 | D52: =SUMIFS(WeeklyPicks!$M:$M,WeeklyPicks!$A:$A,"<="&$A52,WeeklyPicks!$C:$C,D$16) -> 875 | E52: =SUMIFS(WeeklyPicks!$M:$M,WeeklyPicks!$A:$A,"<="&$A52,WeeklyPicks!$C:$C,E$16) -> 736 | F52: =SUMIFS(WeeklyPicks!$M:$M,WeeklyPicks!$A:$A,"<="&$A52,WeeklyPicks!$C:$C,F$16) -> 876 | G52: =SUMIFS(WeeklyPicks!$M:$M,WeeklyPicks!$A:$A,"<="&$A52,WeeklyPicks!$C:$C,G$16) -> 620 | H52: =SUMIFS(WeeklyPicks!$M:$M,WeeklyPicks!$A:$A,"<="&$A52,WeeklyPicks!$C:$C,H$16) -> 677 | I52: =SUMIFS(WeeklyPicks!$M:$M,WeeklyPicks!$A:$A,"<="&$A52,WeeklyPicks!$C:$C,I$16) -> 365 | J52: =SUMIFS(WeeklyPicks!$M:$M,WeeklyPicks!$A:$A,"<="&$A52,WeeklyPicks!$C:$C,J$16) -> 0 | ... L52: =SUMIFS(WeeklyPicks!$M:$M,WeeklyPicks!$A:$A,"<="&$A52,WeeklyPicks!$C:$C,L$16) -> 544

Sheet TV_Leaderboard
A1: RACE SHED FANTASY V7
A2: Selected Race | B2: =Setup!$B$3 -> LAS VEGAS | D2: Weekly Winner | E2: =INDEX(RaceSummary!$C$2:$C$37,Setup!$B$2) -> Joe
A4: RANK | B4: PLAYER | C4: SEASON PTS | D4: WINS | E4: THIS RACE
A5: =Dashboard!A4 -> 1 | B5: =Dashboard!B4 -> Pat | C5: =Dashboard!C4 -> 880 | D5: =Dashboard!D4 -> 3 | E5: =Dashboard!G4 -> 82
A6: =Dashboard!A5 -> 3 | B6: =Dashboard!B5 -> Meg | C6: =Dashboard!C5 -> 875 | D6: =Dashboard!D5 -> 3 | E6: =Dashboard!G5 -> 111
A7: =Dashboard!A6 -> 4 | B7: =Dashboard!B6 -> Darin | C7: =Dashboard!C6 -> 736 | D7: =Dashboard!D6 -> 1 | E7: =Dashboard!G6 -> 95
A8: =Dashboard!A7 -> 2 | B8: =Dashboard!B7 -> Alz | C8: =Dashboard!C7 -> 876 | D8: =Dashboard!D7 -> 1 | E8: =Dashboard!G7 -> 106
A9: =Dashboard!A8 -> 6 | B9: =Dashboard!B8 -> Joe | C9: =Dashboard!C8 -> 620 | D9: =Dashboard!D8 -> 1 | E9: =Dashboard!G8 -> 118
A10: =Dashboard!A9 -> 5 | B10: =Dashboard!B9 -> Evelyn | C10: =Dashboard!C9 -> 677 | D10: =Dashboard!D9 -> 0 | E10: =Dashboard!G9 -> 112
A11: =Dashboard!A10 -> 9 | B11: =Dashboard!B10 -> Deric | C11: =Dashboard!C10 -> 365 | D11: =Dashboard!D10 -> 0 | E11: =Dashboard!G10 -> 0
A12: =Dashboard!A11 -> 10 | B12: =Dashboard!B11 -> Josh | C12: =Dashboard!C11 -> 0 | D12: =Dashboard!D11 -> 0 | E12: =Dashboard!G11 -> 0
A13: =Dashboard!A12 -> 8 | B13: =Dashboard!B12 -> Jay | C13: =Dashboard!C12 -> 515 | D13: =Dashboard!D12 -> 0 | E13: =Dashboard!G12 -> 0
A14: =Dashboard!A13 -> 7 | B14: =Dashboard!B13 -> Ryan | C14: =Dashboard!C13 -> 544 | D14: =Dashboard!D13 -> 1 | E14: =Dashboard!G13 -> 82
A17: Most Popular Pick | B17: =INDEX(RaceSummary!$E$2:$E$37,Setup!$B$2) -> 5 | D17: Worst Pick | E17: =INDEX(RaceSummary!$G$2:$G$37,Setup!$B$2) -> 12
A18: Worst Picked By | B18: =INDEX(RaceSummary!$I$2:$I$37,Setup!$B$2) -> Meg

Sheet Players
A1: Player
A2: Pat
A3: Meg
A4: Darin
A5: Alz
A6: Joe
A7: Evelyn
A8: Deric
A9: Josh
A10: Jay
A11: Ryan
